private_domain,failure_reason,reach,visits,in_visits_stratum,in_uniform_stratum,is_ddg_tracker,ddg_categories,ddg_owner,ha22_measured,wb_2022_capture,wb_snapshot_ts,wb_html_cached,dns_resolves,probe_status,http_status,final_url,page_title,probe_error,bl_scan_success,bl_final_url,bl_ddg_join_ads,bl_third_party_cookies,bl_canvas_fingerprinting,bl_session_recording,bl_key_logging,bl_fb_pixel,bl_google_analytics,wb_title,category,rationale,spotcheck,user_category
decipherinc.com,site_unreachable,301,84099,True,False,False,,,True,False,,False,False,dead,,,,"dns: [Errno 8] nodename nor servname provided, or not known",False,,,,,,,,,,content_site,"Decipher (Forsta/FocusVision) hosted-survey platform; panelists take surveys on its pages; HA-measured 2022, dead to probe today",False,
microsoftonline.com,site_unreachable,348,34600,True,False,True,,Microsoft Corporation,True,False,,False,False,dead,,,,"dns: [Errno 8] nodename nor servname provided, or not known",False,,,,,,,,,,cdn_api_host,"Microsoft login/SSO endpoint (login.microsoftonline.com); no user-facing homepage by design; DDG-listed, owner Microsoft",False,
yougov.com,empty_groups,544,32935,True,False,False,,,True,False,,False,True,live,200.0,https://yougov.com/,YouGov: Data Analytics & Market Research Services,,True,https://yougov.com/,0.0,0.0,0.0,0.0,0.0,0.0,0.0,,content_site,"YouGov's own survey site (the panel vendor); live, substantive title",False,
sentry.io,empty_groups,175,24969,True,False,True,,"Functional Software, Inc.",True,False,,False,True,live,200.0,https://sentry.io/welcome/,Application Performance Monitoring & Error Tracking Software | Sentry,,True,https://sentry.io/welcome/,0.0,0.0,0.0,0.0,0.0,0.0,0.0,,cdn_api_host,"Sentry error-reporting ingest API (Functional Software); appears in logs via SDK calls, not deliberate visits; DDG-listed",True,
pch.com,empty_groups,68,24231,True,False,False,,,True,False,,False,True,live,200.0,https://www.pch.com/,Publishers Clearing House: Online Sweepstakes & Prizes Since 1967,,True,https://pch.com/,0.0,0.0,0.0,0.0,0.0,0.0,0.0,,content_site,"Publishers Clearing House sweepstakes site; live, recognizable brand",False,
fbcdnx14.net,empty_groups,1,16771,True,False,False,,,False,False,,False,True,redirect,200.0,https://www.squidapp.co/,Home - SQUID News App,,True,https://www.squidapp.co/,4.0,2.0,0.0,0.0,0.0,0.0,0.0,,cdn_api_host,"Fake-CDN-style numbered hostname now redirecting to SQUID news app; in-app content-delivery host, not a destination site",True,
surveyjunkie.com,empty_groups,96,11471,True,False,False,,,True,False,,False,True,live,200.0,https://www.surveyjunkie.com/,,,True,https://www.surveyjunkie.com/,11.0,19.0,1.0,0.0,0.0,0.0,1.0,,content_site,"Survey Junkie paid-survey site; live, recognizable brand",False,
eggbuddies.com,empty_groups,1,9152,True,False,False,,,False,False,,False,True,live,200.0,https://eggbuddies.com/,Egg Buddies,,True,https://eggbuddies.com/,3.0,2.0,0.0,0.0,0.0,0.0,0.0,,content_site,Live site titled Egg Buddies; user-facing,False,
fandom.com,empty_groups,173,7840,True,False,True,,"Fandom, Inc.",True,False,,False,True,http_error,403.0,https://www.fandom.com/,Just a moment...,,True,https://www.fandom.com/,34.0,21.0,0.0,0.0,0.0,0.0,1.0,,content_site,Fandom wiki network; 403 bot wall today (Just a moment...) - alive and user-facing,False,
google.com.mx,api_network_error,1,7820,True,False,False,,,False,False,,False,True,redirect,200.0,https://www.google.com/,Google,,True,https://www.google.com/,3.0,7.0,0.0,0.0,0.0,0.0,0.0,,content_site,Google Mexico country homepage; redirects to google.com,False,
authoritytrcker.com,empty_groups,66,7504,True,False,False,,,False,False,,False,False,dead,,,,"dns: [Errno 8] nodename nor servname provided, or not known",False,,,,,,,,,,adtech_infrastructure,"Unambiguous click-tracking name morphology (trcker); 7.5k visits yet dead, never HA-measured - redirect-hop pattern",False,
impactcdn.com,empty_groups,65,7459,True,False,True,,Impact,False,False,,False,False,dead,,,,"dns: [Errno 8] nodename nor servname provided, or not known",False,,,,,,,,,,adtech_infrastructure,"Impact affiliate/partnership-marketing tracking CDN; DDG-listed, owner Impact",False,
trysera.com,empty_groups,27,6068,True,False,True,,,False,True,20220705130658.0,True,True,live,200.0,https://trysera.com/,TrySERA: Site Email Retargeting Advantage,,True,https://trysera.com/,4.0,0.0,0.0,0.0,0.0,0.0,0.0,TrySERA: Site Email Retargeting Advantage,adtech_infrastructure,Site Email Retargeting Advantage per live and WB-2022 titles; retargeting vendor; DDG-listed,False,
gunmemorial.org,empty_groups,1,5200,True,False,False,,,False,False,,False,True,live,200.0,https://gunmemorial.org/,National Gun Violence Memorial,,True,https://gunmemorial.org/,1.0,0.0,0.0,0.0,0.0,0.0,0.0,,content_site,"National Gun Violence Memorial; live, substantive title",False,
minutemedia-prebid.com,empty_groups,55,4707,True,False,True,,,False,False,,False,False,dead,,,,"dns: [Errno 8] nodename nor servname provided, or not known",False,,,,,,,,,,adtech_infrastructure,Minute Media prebid (header-bidding) endpoint; unambiguous name; DDG-listed,False,
nypost.com,empty_groups,120,4380,True,False,False,,,True,False,,False,True,live,200.0,https://nypost.com/,"New York Post – Breaking News, Top Headlines, Photos & Videos",,False,,,,,,,,,,content_site,"New York Post; live, recognizable brand",False,
quizzclub.com,api_network_error,3,4275,True,False,False,,,True,False,,False,True,live,200.0,https://quizzclub.com/,"Fun Trivia Questions, Quizzes and Personality Tests | QuizzClub",,True,https://quizzclub.com/,44.0,12.0,0.0,0.0,0.0,1.0,1.0,,content_site,"Trivia/quiz site; live, substantive title",False,
aaxads.com,empty_groups,13,4110,True,False,True,,Acceptable Ads Exchange,False,False,,False,False,dead,,,,"dns: [Errno 8] nodename nor servname provided, or not known",False,,,,,,,,,,adtech_infrastructure,"Acceptable Ads Exchange (DDG owner); ad-serving domain, dead today",True,
opinionationzone.com,empty_groups,64,3910,True,False,False,,,False,False,,False,False,dead,,,,"dns: [Errno 8] nodename nor servname provided, or not known",False,,,,,,,,,,dead,"Dead today; no WB capture, not HA-measured, no DDG listing; name uninformative",False,
dynoflow.net,empty_groups,60,3464,True,False,False,,,True,False,,False,True,http_error,404.0,https://dynoflow.net/,,,True,https://dynoflow.net/,0.0,0.0,0.0,0.0,0.0,0.0,0.0,,unknown,"404 today, HA-measured in 2022 but no title/WB/DDG evidence of function",False,
everyonesez.com,empty_groups,22,3248,True,False,False,,,False,False,,False,True,live,200.0,https://everyonesez.com/en,Welcome to EveryoneSez,,True,https://everyonesez.com/en,0.0,0.0,0.0,0.0,0.0,0.0,0.0,,content_site,Live opinion/review site (Welcome to EveryoneSez),False,
sawtoothsoftware.com,empty_groups,76,3205,True,False,False,,,True,False,,False,True,live,200.0,https://sawtoothsoftware.com/,Market Research Software | Find Survey Software & Market Research Solutions - Sawtooth Software,,True,https://sawtoothsoftware.com/,0.0,0.0,0.0,0.0,0.0,0.0,0.0,,content_site,Sawtooth Software market-research software company site; live,False,
eu-1-id5-sync.com,site_unreachable,150,3014,True,False,True,,,False,False,,False,True,dead,,,,http: ReadTimeout,True,https://eu-1-id5-sync.com/,0.0,0.0,0.0,0.0,0.0,0.0,0.0,,adtech_infrastructure,ID5 cookie-sync endpoint; unambiguous -sync name; DDG-listed,False,
musio.co,empty_groups,3,2910,True,False,False,,,True,False,,False,False,dead,,,,"dns: [Errno 8] nodename nor servname provided, or not known",False,,,,,,,,,,content_site,"Musio AI robot companion product site; HA-measured 2022, dead to probe today",False,
realtor.com,empty_groups,95,2825,True,False,True,,Move Inc.,True,False,,False,True,http_error,429.0,https://www.realtor.com:443/,,,True,https://www.realtor.com/,0.0,0.0,0.0,0.0,0.0,0.0,0.0,,content_site,Realtor.com listings portal; 429 rate-limit today = bot defense; DDG listing reflects Move Inc trackers,False,
get663.com,empty_groups,6,2705,True,False,False,,,False,False,,False,True,dead,,,,http: ConnectionError,False,,,,,,,,,,dead,"Dead today; no WB capture, not HA-measured, no DDG listing; opaque promo-style name",False,
wayfair.com,empty_groups,106,2446,True,False,False,,,True,False,,False,True,http_error,429.0,https://www.wayfair.com/,Access to this page has been denied,,True,https://www.wayfair.com/,0.0,0.0,0.0,0.0,0.0,0.0,0.0,,content_site,"Wayfair retail; bot wall today (Access denied, 429)",False,
ps-di.com,empty_groups,90,2429,True,False,False,,,False,False,,False,True,live,200.0,https://is.ps-di.com,Paradigm,,True,https://is.ps-di.com/auth/login,0.0,1.0,1.0,0.0,0.0,0.0,0.0,,content_site,Resolves to is.ps-di.com titled Paradigm (care-management company); corporate/service site,False,
insights-today.com,site_unreachable,109,2388,True,False,False,,,False,False,,False,False,dead,,,,"dns: [Errno 8] nodename nor servname provided, or not known",False,,,,,,,,,,dead,"Dead today; no WB capture, not HA-measured, no DDG listing",False,
enginesurveys.com,empty_groups,33,2326,True,False,False,,,False,False,,False,False,dead,,,,"dns: [Errno 8] nodename nor servname provided, or not known",False,,,,,,,,,,dead,"Dead today; no WB capture, not HA-measured, no DDG listing; suggestive survey-lander name uncorroborated",False,
protonmail.com,empty_groups,5,2311,True,False,False,,,True,False,,False,True,redirect,200.0,https://proton.me/mail,Proton Mail: Get a free email account with privacy and encryption | Proton,,True,https://proton.me/mail,0.0,0.0,0.0,0.0,0.0,0.0,0.0,,content_site,Proton Mail; legacy domain redirects to proton.me (same operation rebrand),True,
chess.com,api_network_error,13,2165,True,False,False,,,True,False,,False,True,live,200.0,https://www.chess.com/,Chess.com - Play Chess Online - Free Games,,True,https://www.chess.com/,0.0,1.0,0.0,0.0,0.0,0.0,0.0,,content_site,Chess.com game site; live; original failure was scraper-side network error,False,
ttvnw.net,empty_groups,22,2073,True,False,True,,"Amazon Technologies, Inc.",False,False,,False,False,dead,,,,"dns: [Errno 8] nodename nor servname provided, or not known",False,,,,,,,,,,cdn_api_host,"Twitch video/CDN domain (ttvnw = TwitchTV network); DDG-listed, owner Amazon; no homepage by design",True,
pushnetwork.com,empty_groups,19,1984,True,False,False,,,False,False,,False,True,dead,,,,http: ReadTimeout,True,https://pushnetwork.com/,0.0,0.0,0.0,0.0,0.0,0.0,0.0,,adtech_infrastructure,Push-notification ad network; unambiguous name; dead today,False,
roku.com,empty_groups,54,1846,True,False,False,,,True,False,,False,True,live,200.0,https://www.roku.com/,Roku,,True,https://www.roku.com/,4.0,1.0,0.0,0.0,0.0,0.0,1.0,,content_site,"Roku; live, recognizable brand",False,
neet.tv,empty_groups,1,1827,True,False,False,,,False,False,,False,True,http_error,404.0,https://neet.tv/,404 Not Found,,True,https://neet.tv/,0.0,0.0,0.0,0.0,0.0,0.0,0.0,,unknown,"404 today; no WB capture, not HA-measured, no DDG listing; anime-sounding name uncorroborated",False,
ibanking-services.com,empty_groups,15,1743,True,False,False,,,False,False,,False,False,dead,,,,"dns: [Errno 8] nodename nor servname provided, or not known",False,,,,,,,,,,cdn_api_host,Fiserv white-label online-banking application host serving bank/CU clients; no homepage by design; dead to probe today,False,
cdnwidget.com,site_unreachable,76,1696,True,False,True,Obscure Ownership;Unknown High Risk Behavior,CDNWIDGET.COM,False,False,,False,True,dead,,,,http: ConnectionError,True,https://cdnwidget.com/,0.0,0.0,0.0,0.0,0.0,0.0,0.0,,adtech_infrastructure,DDG-listed with Obscure Ownership / Unknown High Risk Behavior categories; tracking-widget CDN; dead today,False,
wmcdp.io,empty_groups,29,1569,True,False,True,,"Warner Bros. Discovery, Inc.",False,False,,False,False,dead,,,,"dns: [Errno 8] nodename nor servname provided, or not known",False,,,,,,,,,,adtech_infrastructure,Warner Bros. Discovery customer-data-platform (CDP) collection endpoint; DDG-listed,False,
pineconeresearch.com,empty_groups,80,1519,True,False,False,,,True,False,,False,True,dead,,,,http: SSLError,True,https://www.pineconeresearch.com/,0.0,0.0,0.0,0.0,0.0,0.0,0.0,,content_site,"Pinecone Research (Nielsen) survey-panel site; HA-measured 2022, dead to probe today",False,
discoveryplus.com,empty_groups,58,1471,True,False,False,,,True,False,,False,True,live,200.0,https://www.discoveryplus.com/,discovery+ | Stream Real-Life TV Episodes,,True,https://www.discoveryplus.com/,3.0,2.0,0.0,0.0,0.0,0.0,0.0,,content_site,discovery+ streaming; live,False,
instiengage.com,site_unreachable,41,1375,True,False,True,,,False,False,,False,True,dead,,,,http: ReadTimeout,True,https://instiengage.com/,0.0,0.0,0.0,0.0,0.0,0.0,0.0,,adtech_infrastructure,Insticator engagement/ad widget endpoint; DDG-listed; dead today,False,
gap.com,empty_groups,50,1174,True,False,False,,,True,True,20220615130338.0,True,True,live,200.0,https://www.gap.com/,"Gap Individual style for Women's, Men's, Baby & Kids' Clothing",,False,,,,,,,,,"Shop Gap for Casual Women's, Men's, Maternity, Baby & Kids Clothes",content_site,Gap retail; live; WB-2022 title confirms,False,
bathandbodyworks.com,empty_groups,33,1158,True,False,False,,,True,False,,False,True,live,307.0,https://bathandbodyworks.com/,Access to this page has been denied,,True,https://www.bathandbodyworks.com/,11.0,10.0,0.0,0.0,0.0,0.0,0.0,,content_site,Bath & Body Works retail; bot wall today (Access denied),False,
ibotta.com,empty_groups,53,1143,True,False,False,,,True,False,,False,True,live,200.0,https://ibotta.com/,Ibotta | Performance Marketing Leader,,True,https://ibotta.com/,1.0,0.0,0.0,0.0,0.0,0.0,0.0,,content_site,Ibotta cashback service; live,False,
b4k.co,empty_groups,1,1111,True,False,False,,,False,False,,False,True,live,200.0,https://b4k.co/,b4k.co,,True,https://b4k.co/,1.0,0.0,0.0,0.0,0.0,0.0,1.0,,content_site,"4chan board archive (arch.b4k.co); live, user-facing",False,
prmutv.co,empty_groups,119,979,True,False,True,,"Permutive, Inc.",False,False,,False,False,dead,,,,"dns: [Errno 8] nodename nor servname provided, or not known",False,,,,,,,,,,adtech_infrastructure,"Permutive publisher audience/CDP endpoint; DDG-listed, owner Permutive; dead today",False,
mygiftcardsplus.com,empty_groups,38,955,True,False,False,,,True,False,,False,True,live,200.0,https://www.mygiftcardsplus.com/,MyGiftCardsPlus: Get cash back on gift cards purchases. Top-rated by customers,,True,https://www.mygiftcardsplus.com/,0.0,0.0,0.0,0.0,0.0,0.0,0.0,,content_site,"Gift-card cashback shop; live, substantive title",False,
tophatter.com,empty_groups,5,899,True,False,False,,,True,False,,False,False,dead,,,,"dns: [Errno 8] nodename nor servname provided, or not known",False,,,,,,,,,,content_site,Tophatter auction/shopping site (defunct); HA-measured 2022; recognizable brand,False,
samsung.com,empty_groups,103,868,True,False,True,,Samsung Electronics Co. Ltd,True,False,,False,True,live,200.0,https://www.samsung.com/us/,Samsung US | Mobile | TV | Home Electronics | Home Appliances | Samsung US,,True,https://www.samsung.com/us/,1.0,0.0,0.0,0.0,0.0,0.0,0.0,,content_site,"Samsung; live; DDG listing reflects Samsung trackers, but sampled domain is the main retail/brand site",False,
ozone.ai,empty_groups,2,847,True,False,False,,,True,False,,False,True,live,200.0,http://ozone.ai/,Future home of ozone.ai,https: ConnectionError,False,,,,,,,,,,unknown,Parked-style page today (Future home of ozone.ai); HA-measured 2022 but function then not evidenced,False,
ghostery.net,api_network_error,1,822,True,False,True,,,False,False,,False,True,http_error,403.0,http://ghostery.net/,ERROR: The request could not be satisfied,https: SSLError,False,,,,,,,,,,cdn_api_host,Ghostery secondary/CDN domain (main site ghostery.com); CloudFront error today; DDG-listed,False,
wgntv.com,empty_groups,6,784,True,False,False,,,True,False,,False,True,http_error,403.0,https://wgntv.com/,Access to this page has been denied,,True,https://wgntv.com/,0.0,0.0,0.0,0.0,0.0,0.0,0.0,,content_site,WGN Chicago TV news; bot wall today (Access denied),False,
ipinfo.io,empty_groups,22,766,True,False,True,,"IDB, LLC",True,False,,False,True,live,200.0,https://ipinfo.io/,IP Data Intelligence for Developers & Enterprises | IPinfo,,False,,,,,,,,,,cdn_api_host,IPinfo IP-geolocation API; appears in logs via API lookups; DDG-listed; corporate homepage secondary to API function,False,
toyhou.se,empty_groups,4,748,True,False,False,,,True,False,,False,True,live,200.0,https://toyhou.se/,Toyhouse,,True,https://toyhou.se/,1.0,0.0,0.0,0.0,0.0,0.0,0.0,,content_site,Toyhouse character-art community; live,False,
theepochtimes.com,empty_groups,22,667,True,False,False,,,True,False,,False,True,live,200.0,https://www.theepochtimes.com/,"The Epoch Times | Breaking News, Latest News, World News and Videos",,True,https://www.theepochtimes.com/,10.0,2.0,0.0,0.0,0.0,0.0,1.0,,content_site,Epoch Times news site; live,False,
hentairead.com,empty_groups,1,539,True,False,False,,,False,False,,False,True,network_filtered,200.0,http://wired.meraki.com/,Cisco Meraki,https: ConnectionError,True,https://hentairead.com/,0.0,0.0,0.0,0.0,0.0,0.0,0.0,,adult_content,Adult manga site (name + network filter interception); user-facing,False,
apartments.com,empty_groups,40,530,True,False,False,,,True,False,,False,True,http_error,403.0,https://apartments.com/,Access Denied,,True,https://www.apartments.com/,0.0,0.0,1.0,0.0,0.0,0.0,0.0,,content_site,Apartments.com listings portal; bot wall today (Access Denied),False,
dealer.com,empty_groups,19,486,True,False,True,,Dealer Dot Com Inc,True,False,,False,True,live,200.0,https://www.dealer.com/,Automotive Digital Marketing Solutions | Dealer.com,,True,https://www.dealer.com/,11.0,17.0,0.0,0.0,0.0,0.0,1.0,,adtech_infrastructure,Cox Automotive digital-marketing/ad platform for dealerships; DDG-listed tracker; appears via dealer-site embeds,False,
connectebt.com,empty_groups,10,457,True,False,False,,,True,False,,False,True,live,200.0,https://www.ConnectEBT.com/,,,True,https://www.connectebt.com/,0.0,0.0,1.0,0.0,0.0,0.0,0.0,,content_site,ConnectEBT benefits-balance portal; live; deliberate user visits,False,
odycdn.com,empty_groups,3,450,True,False,False,,,False,False,,False,False,dead,,,,"dns: [Errno 8] nodename nor servname provided, or not known",False,,,,,,,,,,cdn_api_host,Odysee video CDN; unambiguous cdn name; dead to probe today,False,
diply.com,empty_groups,5,444,True,False,False,,,True,False,,False,True,live,200.0,https://diply.com/,Diply – Get Lost Somewhere Good…,,True,https://diply.com/,27.0,21.0,0.0,0.0,0.0,0.0,1.0,,content_site,Diply viral-content site; live,False,
slingoarcade.com,empty_groups,2,439,True,False,False,,,True,False,,False,True,live,200.0,https://www.slingoarcade.com:443/,Slingo Arcade – A fast-moving social casino built on the simple idea that slots + bingo = seriously compelling gameplay.,,False,,,,,,,,,,content_site,Slingo Arcade social casino; live,False,
hometalk.com,empty_groups,27,427,True,False,True,,,True,False,,False,True,live,200.0,https://www.hometalk.com,DIY Projects for the Home | Hometalk,,True,https://www.hometalk.com/,59.0,151.0,0.0,0.0,0.0,0.0,1.0,,content_site,Hometalk DIY community; live; DDG listing exists but sampled domain is the destination site,False,
academy.com,empty_groups,19,419,True,False,False,,,True,False,,False,True,live,200.0,https://www.academy.com/,"Academy Sports + Outdoors | Quality Sporting Goods | Top Hunting, Fishing & Outdoor Gear",,True,https://www.academy.com/,9.0,2.0,0.0,1.0,0.0,1.0,0.0,,content_site,Academy Sports + Outdoors retail; live,True,
discordapp.com,empty_groups,15,408,True,False,True,,"Discord, Inc.",True,False,,False,True,redirect,200.0,https://discord.com/,Discord - Group Chat That’s All Fun & Games,,True,https://discord.com/,1.0,1.0,0.0,0.0,0.0,0.0,0.0,,content_site,"Discord legacy domain (redirects to discord.com, same operation); panel visits = Discord web app/CDN use",False,
key.com,site_unreachable,11,319,True,False,False,,,True,False,,False,True,dead,,,,http: ReadTimeout,False,,,,,,,,,,content_site,"KeyBank retail banking site; blocks automated probes (dead here, site_unreachable in 2025 scan) - bot defense, not death",False,
express.com,empty_groups,11,316,True,False,False,,,True,False,,False,True,http_error,403.0,https://www.express.com/,Access Denied,,True,https://www.express.com/,3.0,2.0,1.0,0.0,0.0,0.0,0.0,,content_site,Express retail; bot wall today (Access Denied),False,
lr-in.com,empty_groups,27,312,True,False,True,,,False,False,,False,False,dead,,,,"dns: [Errno 8] nodename nor servname provided, or not known",False,,,,,,,,,,adtech_infrastructure,"DDG-listed tracker endpoint; ingest-style name (lr-in); dead today, never HA-measured",False,
saksoff5th.com,empty_groups,8,311,True,False,False,,,True,False,,False,True,live,200.0,https://www.saksoff5th.com/,Site Offline,,True,https://www.saksoff5th.com/,0.0,0.0,0.0,0.0,0.0,0.0,0.0,,content_site,Saks Off 5th retail; Site Offline interstitial today = bot defense on a live retailer,False,
xlviiirdr.com,empty_groups,8,306,True,False,True,,,False,False,,False,True,network_filtered,200.0,http://wired.meraki.com/,Cisco Meraki,https: ConnectionError,True,https://xlviiirdr.com/,0.0,0.0,0.0,0.0,0.0,0.0,0.0,,adtech_infrastructure,DDG-listed; unambiguous redirector name morphology (rdr); network-filtered from probe vantage,False,
cricketwireless.com,empty_groups,17,284,True,False,False,,,True,False,,False,True,live,200.0,https://www.cricketwireless.com/,Cricket Wireless | Unlimited Phone Plans | Affordable Cell Phones | No Contract,,True,https://www.cricketwireless.com/,17.0,11.0,1.0,0.0,0.0,1.0,1.0,,content_site,Cricket Wireless carrier site; live,False,
igodigital.com,site_unreachable,37,283,True,False,True,Ad Motivated Tracking;Advertising;Analytics;Audience Measurement;Third-Party Analytics Marketing,"Salesforce.com, Inc.",False,False,,False,False,dead,,,,"dns: [Errno 8] nodename nor servname provided, or not known",False,,,,,,,,,,adtech_infrastructure,"DDG categories: Ad Motivated Tracking, Advertising, Analytics; Salesforce predictive-personalization endpoint; dead today",True,
elfcosmetics.com,empty_groups,3,276,True,False,False,,,True,False,,False,True,live,200.0,https://www.elfcosmetics.com/,e.l.f. Cosmetics: Affordable Makeup & Skincare - Cruelty Free | e.l.f. Cosmetics,,True,https://www.elfcosmetics.com/,2.0,0.0,0.0,0.0,0.0,0.0,0.0,,content_site,e.l.f. Cosmetics retail; live,False,
remotasks.com,empty_groups,1,275,True,False,False,,,False,False,,False,True,live,200.0,https://www.remotasks.com/en,Remotasks | Earn $USD Doing Online Tasks from Home,,True,https://www.remotasks.com/en,3.0,0.0,0.0,1.0,0.0,0.0,1.0,,content_site,Remotasks gig-work platform; live,False,
adoptapet.com,empty_groups,13,272,True,False,False,,,True,False,,False,True,live,200.0,https://www.adoptapet.com/,"Adopt a Pet: Search Dogs, Cats & Pets for Adoption Near You",,True,https://www.adoptapet.com/,8.0,3.0,0.0,0.0,0.0,0.0,1.0,,content_site,Adopt a Pet listings; live,False,
eatthis.com,empty_groups,49,256,True,False,False,,,True,False,,False,True,live,200.0,https://www.eatthis.com/,"Eat This, Not That: Health, Nutrition, Weight Loss & Recipes",,True,https://www.eatthis.com/,70.0,83.0,0.0,0.0,0.0,0.0,1.0,,content_site,Eat This Not That content site; live,False,
sparrow.org,empty_groups,2,253,True,False,False,,,True,False,,False,True,redirect,200.0,https://www.uofmhealthsparrow.org/,,,True,https://www.uofmhealthsparrow.org/,0.0,7.0,0.0,1.0,0.0,0.0,0.0,,content_site,Sparrow hospital (now UofM Health Sparrow; same-operation redirect); live,False,
quordle.com,empty_groups,7,242,True,False,False,,,True,False,,False,True,redirect,200.0,https://www.merriam-webster.com/games/quordle/,,,True,https://www.merriam-webster.com/games/quordle/,52.0,100.0,0.0,0.0,0.0,1.0,1.0,,content_site,Quordle word game (acquired by Merriam-Webster; same-operation redirect); live,False,
seekingcrush.com,empty_groups,1,235,True,False,False,,,False,False,,False,True,dead,,,,http: ConnectionError,False,,,,,,,,,,dead,"Dead today; no WB capture, not HA-measured, no DDG listing; dating-lander name uncorroborated",False,
metlife.com,empty_groups,4,215,True,False,False,,,True,True,20220614225238.0,True,True,live,200.0,https://www.metlife.com/,Insurance and Employee Benefits | MetLife,,True,https://www.metlife.com/,0.0,0.0,0.0,0.0,0.0,0.0,0.0,Insurance and Employee Benefits | MetLife,content_site,MetLife insurance; live; WB-2022 title identical,True,
inmoment.com,empty_groups,29,195,True,False,True,,"InMoment, Inc.",True,False,,False,True,live,200.0,https://inmoment.com/,Integrated Customer Experience Solutions with AI | InMoment,,True,https://inmoment.com/,1.0,2.0,0.0,0.0,0.0,0.0,0.0,,content_site,InMoment customer-experience survey platform; panelists reach hosted feedback surveys deliberately; live corporate site,False,
nextmillmedia.com,empty_groups,62,174,True,False,True,,"Next Millennium Media, Inc.",False,False,,False,False,dead,,,,"dns: [Errno 8] nodename nor servname provided, or not known",False,,,,,,,,,,adtech_infrastructure,Next Millennium Media ad network (DDG owner); dead today,False,
tp88trk.com,empty_groups,21,148,True,False,True,,,False,True,20220608171620.0,True,True,http_error,404.0,http://tp88trk.com/,,https: SSLError,False,,,,,,,,,Performance Marketing Platform,adtech_infrastructure,WB-2022 title: Performance Marketing Platform; unambiguous trk name; DDG-listed,False,
plateau.com,empty_groups,1,145,True,False,False,,,False,False,,False,True,dead,,,,http: ConnectTimeout,False,,,,,,,,,,dead,"Dead today; no WB capture, not HA-measured, no DDG listing; generic word name uninformative",False,
chipotle.com,empty_groups,13,114,True,False,False,,,True,False,,False,True,live,200.0,https://www.chipotle.com/,Mexican Food - Restaurant & Catering - Chipotle Mexican Grill,,True,https://www.chipotle.com/,10.0,10.0,0.0,1.0,0.0,0.0,0.0,,content_site,Chipotle restaurant chain; live,False,
lifewayequipa.com,empty_groups,1,92,True,False,False,,,False,False,,False,True,live,200.0,https://www.LIFEWAYEQUIPA.COM,EQUIPA,https: SSLError,False,,,,,,,,,,content_site,Lifeway EQUIPA (Spanish-language church ministry resources); live,False,
medscape.com,empty_groups,13,79,True,False,True,,"WebMD, LLC",True,False,,False,True,live,200.0,https://www.medscape.com/,"Latest Medical News, Clinical Trials, Guidelines - Today on Medscape",,True,https://www.medscape.com/,25.0,43.0,0.0,1.0,0.0,1.0,1.0,,content_site,"Medscape medical news (WebMD); live; DDG listing reflects WebMD trackers, sampled domain is the destination site",False,
stylitics.com,empty_groups,16,75,True,False,True,,"Stylitics, Inc.",False,True,20220621145420.0,True,True,live,200.0,https://stylitics.com/,,,True,https://stylitics.com/,9.0,28.0,0.0,1.0,0.0,0.0,0.0,Home - Stylitics Inc.,adtech_infrastructure,Stylitics retail merchandising/recommendation widget platform embedded on retailer sites; DDG-listed; WB title confirms,False,
blidz.com,empty_groups,1,49,True,False,False,,,False,False,,False,True,live,200.0,https://blidz.com/,Blidz,,True,https://blidz.com/,4.0,0.0,0.0,0.0,0.0,1.0,1.0,,content_site,Blidz social-shopping app site; live,False,
miqcommerce.com,empty_groups,3,40,True,False,True,,,False,False,,False,False,dead,,,,"dns: [Errno 8] nodename nor servname provided, or not known",False,,,,,,,,,,adtech_infrastructure,MiQ programmatic-advertising commerce endpoint; DDG-listed; dead today,False,
clearvoicesurveysmail.com,empty_groups,14,35,True,False,False,,,False,False,,False,False,dead,,,,"dns: [Errno 8] nodename nor servname provided, or not known",False,,,,,,,,,,adtech_infrastructure,"Email click-redirect domain for ClearVoice Surveys panel mailings; redirect plumbing, not a destination; dead today",False,
icbf-congress.com,empty_groups,1,33,True,False,False,,,False,False,,False,False,dead,,,,"dns: [Errno 8] nodename nor servname provided, or not known",False,,,,,,,,,,dead,"Dead today; no WB capture, not HA-measured, no DDG listing",False,
tyt.com,empty_groups,1,23,True,False,False,,,False,False,,False,True,live,200.0,https://tyt.com/,Home - TYT.com,,False,,,,,,,,,,content_site,The Young Turks news/commentary; live,False,
heraldtimesonline.com,empty_groups,2,22,True,False,False,,,True,False,,False,True,live,200.0,https://www.heraldtimesonline.com/,"The Herald-Times: Local News, Politics & Sports in Bloomington, IN",,True,https://www.heraldtimesonline.com/,68.0,22.0,0.0,0.0,1.0,0.0,1.0,,content_site,Bloomington IN Herald-Times local news; live,False,
pocket-lint.com,empty_groups,6,17,True,False,False,,,True,False,,False,True,live,200.0,https://www.pocket-lint.com/,"Pocket-lint | Phone, gadget, and entertainment reviews, product news, and the best of the internet",,True,https://www.pocket-lint.com/,40.0,76.0,0.0,0.0,0.0,0.0,1.0,,content_site,Pocket-lint tech reviews; live,True,
schnellresearch.com,empty_groups,5,11,True,False,False,,,False,True,20220418233045.0,True,True,live,200.0,https://schnellresearch.com/,"Schnell Research | Schnell Research B2B Audience | Schnell Research Programming | Data Processing | Data Collection, CATI | Schnell Research B2B Audience",,True,https://schnellresearch.com/,0.0,0.0,0.0,0.0,0.0,0.0,0.0,"Schnell Research | Schnell Research B2B Audience | Schnell Research Programming | Data Processing | Data Collection, CATI | Schnell Research B2B Audience",content_site,Schnell Research market-research company site; live; WB-2022 title matches,False,
theblacksphere.net,empty_groups,3,8,True,False,False,,,True,False,,False,True,live,200.0,https://theblacksphere.net/,The Black Sphere – Ending identity politics,,False,,,,,,,,,,content_site,The Black Sphere political blog; live,False,
doshopify.com,empty_groups,3,6,True,False,False,,,False,True,20220501044829.0,True,True,live,200.0,https://doshopify.com/,,,True,https://doshopify.com/,0.0,0.0,0.0,0.0,0.0,0.0,0.0,Doshopify - All About Sharing Knowledge,content_site,WB-2022 title: Doshopify - All About Sharing Knowledge (blog); live but blank title today,False,
ng.mil,empty_groups,1,3,True,False,False,,,False,False,,False,False,dead,,,,"dns: [Errno 8] nodename nor servname provided, or not known",False,,,,,,,,,,content_site,US National Guard official site; .mil blocks external probes (dead here) but a government content site,False,
redfin.com,empty_groups,53,1191,False,True,False,,,True,False,,False,True,live,200.0,https://www.redfin.com/,"Redfin | Real Estate & Homes for Sale, Rentals, Mortgages & Agents",,True,https://www.redfin.com/,23.0,17.0,1.0,0.0,0.0,1.0,1.0,,content_site,Redfin real-estate portal; live,False,
redgifs.com,api_network_error,15,462,False,True,True,,,True,False,,False,True,network_filtered,200.0,http://wired.meraki.com/,Cisco Meraki,https: ConnectionError,True,https://www.redgifs.com/,0.0,0.0,0.0,0.0,0.0,0.0,0.0,,adult_content,RedGIFs adult GIF host; DDG-listed; network-filtered from probe vantage,False,
utrgv.edu,empty_groups,1,325,False,True,False,,,False,False,,False,True,live,200.0,https://www.utrgv.edu/,The University of Texas Rio Grande Valley | UTRGV,,True,https://www.utrgv.edu/,7.0,1.0,0.0,0.0,0.0,1.0,1.0,,content_site,University of Texas Rio Grande Valley; live,False,
salsalabs.org,empty_groups,13,137,False,True,True,,"Salsa Labs, Inc.",True,False,,False,True,dead,,,,http: ConnectTimeout,False,,,,,,,,,,cdn_api_host,Salsa Labs hosted advocacy/donation pages for nonprofit clients (white-label app host); DDG-listed; dead today,True,
marcos.com,empty_groups,6,111,False,True,False,,,True,False,,False,True,live,200.0,https://www.marcos.com/,Marco's Pizza Online Ordering,,True,https://www.marcos.com/,9.0,6.0,0.0,0.0,0.0,0.0,0.0,,content_site,Marco's Pizza ordering site; live,True,
omnigba.com,empty_groups,1,106,False,True,False,,,False,False,,False,True,live,200.0,https://omnigba.com/,,,True,https://omnigba.com/lander,0.0,2.0,0.0,0.0,0.0,0.0,0.0,,unknown,"Live but blank title; no WB capture, not HA-measured, no DDG listing; function unclear",False,
drinkiq.com,empty_groups,9,86,False,True,False,,,True,False,,False,True,live,200.0,https://www.drinkiq.com/en-gb,Effects of Alcohol | Drink Awareness | DRINKiQ UK,,True,https://www.drinkiq.com/en-us,1.0,6.0,0.0,0.0,0.0,0.0,0.0,,content_site,Diageo DRINKiQ alcohol-awareness site; live,False,
sho.com,empty_groups,5,56,False,True,False,,,True,False,,False,True,redirect,200.0,https://www.paramountplus.com/brands/showtime/,Watch Showtime Shows & Movies on Paramount+,,True,https://www.paramountplus.com/brands/showtime/,30.0,45.0,0.0,0.0,0.0,1.0,0.0,,content_site,Showtime (redirects to Paramount+ Showtime hub; same operation); live,False,
mangahere.cc,empty_groups,2,43,False,True,False,,,True,False,,False,True,network_filtered,200.0,http://wired.meraki.com/,Cisco Meraki,https: ConnectionError,True,http://m.mangahere.cc/,4.0,1.0,0.0,0.0,0.0,0.0,0.0,,content_site,MangaHere scanlation-reading site; user-facing content; network-filtered from probe vantage (piracy category),False,
dinosaurized.com,empty_groups,1,41,False,True,False,,,False,False,,False,True,live,200.0,https://dinosaurized.com/,Top Tactical Gears - Survival Tools | Dinosaurized: An Army Store,,True,https://dinosaurized.com/,8.0,12.0,1.0,0.0,0.0,0.0,1.0,,content_site,Dinosaurized tactical-gear store; live,False,
box.net,empty_groups,5,39,False,True,False,,,True,False,,False,True,redirect,200.0,https://www.box.com/,,,True,https://www.box.com/,18.0,3.0,0.0,0.0,0.0,1.0,0.0,,content_site,Box legacy domain redirecting to box.com (same operation); cloud-storage service,False,
employedusa.com,empty_groups,6,33,False,True,False,,,True,False,,False,True,live,200.0,https://employedusa.com/,Home Page - Employed USA,,True,https://employedusa.com/,2.0,0.0,0.0,0.0,0.0,0.0,1.0,,content_site,Employed USA job board; live,False,
freefilefillableforms.com,empty_groups,2,28,False,True,False,,,False,False,,False,True,live,200.0,https://freefilefillableforms.com/home/default.php,Free File Fillable Forms,,True,https://freefilefillableforms.com/home/default.php,0.0,0.0,0.0,0.0,0.0,0.0,0.0,,content_site,IRS Free File Fillable Forms; live,False,
lovemesomeprizes.com,empty_groups,1,25,False,True,False,,,False,False,,False,False,dead,,,,"dns: [Errno 8] nodename nor servname provided, or not known",False,,,,,,,,,,dead,"Dead today; no WB capture, not HA-measured, no DDG listing; sweepstakes-lander name uncorroborated",False,
planet7casino.com,empty_groups,3,25,False,True,False,,,True,False,,False,True,live,200.0,https://www.planet7casino.com/,Best Online Casino | 200% BONUS + FREE SPINS at Planet 7,,True,https://www.planet7casino.com/,2.0,2.0,0.0,0.0,0.0,0.0,0.0,,content_site,Planet 7 online casino; live,False,
zinmanga.com,empty_groups,1,23,False,True,False,,,False,False,,False,True,network_filtered,200.0,http://wired.meraki.com/,Cisco Meraki,https: ConnectionError,False,,,,,,,,,,content_site,Zin Manga scanlation-reading site; user-facing content; network-filtered from probe vantage (piracy category),False,
gp.org,empty_groups,1,22,False,True,False,,,False,False,,False,True,live,200.0,https://www.gp.org/,www.gp.org,,True,https://www.gp.org/,0.0,0.0,0.0,0.0,0.0,0.0,0.0,,content_site,US Green Party site; live,False,
hudsonjeans.com,empty_groups,1,22,False,True,False,,,False,False,,False,True,live,200.0,https://www.hudsonjeans.com/,"Expertly crafted denim with an effortless, rebellious style - Shop Denim and Apparel for Women, Men and Kids from Hudson Jeans. Designed in Los Angeles.",,False,,,,,,,,,,content_site,Hudson Jeans retail; live,False,
indy100.com,empty_groups,7,21,False,True,False,,,True,False,,False,True,live,200.0,https://www.indy100.com/,Indy100 | News | Politics | YouTube and TikTok News,,True,https://www.indy100.com/,61.0,135.0,0.0,0.0,0.0,0.0,1.0,,content_site,Indy100 (Independent) news; live,False,
loudwire.com,empty_groups,7,21,False,True,False,,,True,False,,False,True,live,200.0,https://loudwire.com/,Loudwire,,True,https://loudwire.com/,72.0,145.0,0.0,0.0,0.0,0.0,1.0,,content_site,Loudwire music news; live,False,
solutionhealth.org,empty_groups,2,20,False,True,False,,,True,False,,False,True,live,200.0,https://www.solutionhealth.org/,SolutionHealth – A HealthCare solution for New Hampshire,,True,https://www.solutionhealth.org/,2.0,2.0,0.0,0.0,0.0,0.0,0.0,,content_site,SolutionHealth NH health system; live,False,
steepandcheap.com,empty_groups,1,16,False,True,False,,,False,False,,False,True,live,202.0,https://www.steepandcheap.com/,,,True,https://www.steepandcheap.com/,0.0,0.0,1.0,0.0,0.0,0.0,0.0,,content_site,Steep & Cheap (Backcountry) outlet store; live,False,
angelsdateone.ru,empty_groups,1,15,False,True,False,,,False,False,,False,False,dead,,,,"dns: [Errno 8] nodename nor servname provided, or not known",False,,,,,,,,,,dead,"Dead today; no WB capture, not HA-measured, no DDG listing; .ru dating-lander name uncorroborated",False,
webconsultas.com,empty_groups,2,14,False,True,False,,,True,False,,False,True,live,200.0,https://webconsultas.com/,Webconsultas – Sitio Cerrado,,True,https://webconsultas.com/,0.0,0.0,0.0,0.0,0.0,0.0,0.0,,content_site,Webconsultas Spanish health magazine; HA-measured 2022; Sitio Cerrado (closed) notice today,True,
pcfinancial.ca,empty_groups,1,13,False,True,False,,,False,False,,False,True,dead,,,,http: ReadTimeout,True,https://www.pcfinancial.ca/en/,8.0,4.0,1.0,0.0,0.0,1.0,1.0,,content_site,PC Financial Canadian bank; dead to probe (geo/bot blocking); recognizable brand,True,
defense.gov,api_network_error,4,11,False,True,True,,,True,False,,False,True,http_error,403.0,https://defense.gov/,Access Denied,,True,https://www.war.gov/,2.0,5.0,0.0,0.0,0.0,0.0,1.0,,content_site,US Department of Defense; 403 bot wall today (Access Denied),False,
imaginepay.com,api_network_error,2,11,False,True,False,,,True,False,,False,True,live,200.0,https://imaginepay.com/,Home,,True,https://imaginepay.com/,0.0,0.0,0.0,0.0,0.0,0.0,0.0,,content_site,ImaginePay patient-payment portal; live; deliberate user visits,False,
tkconstructors.com,empty_groups,1,11,False,True,False,,,False,False,,False,True,live,200.0,https://tkconstructors.com/,TK Constructors,,True,https://tkconstructors.com/,13.0,12.0,0.0,0.0,0.0,1.0,1.0,,content_site,TK Constructors home builder; live,False,
booksrelease.com,empty_groups,2,10,False,True,False,,,True,False,,False,True,dead,,,,http: ReadTimeout,False,,,,,,,,,,content_site,Book-release-dates content site; HA-measured 2022 corroborates a functioning site; unreachable today,False,
findfocusgroups.com,empty_groups,2,9,False,True,False,,,True,False,,False,True,live,200.0,https://www.findfocusgroups.com/,Paid Focus Groups Near You & Online | FindFocusGroups.com,,True,https://www.findfocusgroups.com/,2.0,1.0,0.0,0.0,0.0,0.0,0.0,,content_site,FindFocusGroups paid-focus-group directory; live,False,
hitpredictor.com,empty_groups,1,8,False,True,False,,,False,False,,False,True,dead,,,,http: ConnectTimeout,False,,,,,,,,,,content_site,HitPredictor (iHeartMedia) music-rating panel site; recognizable brand; dead today,False,
mobiletime.net,api_network_error,1,8,False,True,False,,,False,False,,False,False,dead,,,,"dns: [Errno 8] nodename nor servname provided, or not known",False,,,,,,,,,,dead,"Dead today; no WB capture, not HA-measured, no DDG listing; generic name uninformative",False,
nm.com,empty_groups,1,8,False,True,False,,,False,False,,False,True,redirect,200.0,https://www.northwesternmutual.com,,,True,https://www.northwesternmutual.com/,1.0,0.0,0.0,0.0,0.0,0.0,0.0,,content_site,Northwestern Mutual (redirects to northwesternmutual.com; same operation),False,
opendoorsusa.org,empty_groups,1,8,False,True,False,,,False,False,,False,True,redirect,200.0,https://www.opendoorsus.org/en-US/,Open Doors US · Serving Persecuted Christians Worldwide,,True,https://www.opendoorsus.org/en-US/,8.0,17.0,0.0,0.0,0.0,1.0,1.0,,content_site,Open Doors US nonprofit (renamed opendoorsus.org; same-operation redirect); live,False,
pressidium.com,empty_groups,1,8,False,True,True,,TechIO Ltd,False,False,,False,True,live,200.0,https://pressidium.com/,Pressidium® EDGE | Next-Gen Managed WordPress Hosting,,False,,,,,,,,,,content_site,Pressidium managed WordPress hosting company site; live corporate site,False,
codementor.io,empty_groups,1,6,False,True,False,,,False,False,,False,True,live,200.0,https://www.codementor.io/,"Codementor | Get live 1:1 coding help, hire a developer, & more",,True,https://www.codementor.io/,1.0,0.0,1.0,0.0,0.0,0.0,0.0,,content_site,Codementor developer-mentoring marketplace; live,False,
froghollow.com,empty_groups,1,6,False,True,False,,,False,False,,False,True,http_error,409.0,http://froghollow.com/,DNS resolution error | froghollow.com | Cloudflare,https: SSLError,True,https://froghollow.com/,0.0,0.0,0.0,0.0,0.0,0.0,0.0,,unknown,"Cloudflare DNS-error interstitial today; no WB capture, not HA-measured; function unclear",False,
il.gov,empty_groups,2,6,False,True,False,,,True,False,,False,True,http_error,401.0,http://il.gov/,401 - Unauthorized: Access is denied due to invalid credentials.,https: ConnectionError,False,,,,,,,,,,content_site,State of Illinois government domain; 401 at apex today but HA-measured 2022; agency subdomain visits,True,
contactscart.com,empty_groups,2,5,False,True,False,,,True,False,,False,True,live,200.0,https://www.contactscart.com/,ContactsCart | Your Favorite Contact Lenses at Amazingly Low Prices,,True,https://www.contactscart.com/,9.0,8.0,1.0,1.0,0.0,1.0,1.0,,content_site,ContactsCart contact-lens store; live,False,
massagetherapy.com,api_network_error,2,5,False,True,False,,,True,False,,False,True,live,200.0,https://www.massagetherapy.com/,Massage Therapy Information | Powered by Associated Bodywork & Massage Professionals,,True,https://www.massagetherapy.com/,3.0,8.0,0.0,0.0,0.0,0.0,0.0,,content_site,ABMP massage-therapy information site; live,True,
rpggeek.com,empty_groups,1,5,False,True,False,,,False,False,,False,True,live,200.0,https://rpggeek.com/,RPGGeek,,True,https://rpggeek.com/,5.0,1.0,0.0,0.0,0.0,0.0,1.0,,content_site,RPGGeek tabletop community; live,False,
sweepswinner.com,empty_groups,3,5,False,True,False,,,True,False,,False,False,dead,,,,"dns: [Errno 8] nodename nor servname provided, or not known",False,,,,,,,,,,content_site,Sweepstakes site; HA-measured 2022 corroborates a functioning site; dead today,False,
allthingsstone.com,empty_groups,1,4,False,True,False,,,False,False,,False,True,live,200.0,https://www.allthingsstone.com/,CSI - All Things Stone | Your Home for All Things Stone & More!,,True,https://www.allthingsstone.com/,5.0,7.0,0.0,0.0,0.0,0.0,0.0,,content_site,All Things Stone (countertops company); live,False,
developmentencyclopaedia.com,empty_groups,1,4,False,True,False,,,False,False,,False,False,dead,,,,"dns: [Errno 8] nodename nor servname provided, or not known",False,,,,,,,,,,dead,"Dead today; no WB capture, not HA-measured, no DDG listing; content-farm name uncorroborated",False,
greatparks.org,empty_groups,1,4,False,True,False,,,False,False,,False,True,live,200.0,https://www.greatparks.org/,Great Parks,,True,https://www.greatparks.org/,10.0,18.0,0.0,0.0,0.0,1.0,1.0,,content_site,Great Parks of Hamilton County OH; live,False,
insboys.com,empty_groups,1,4,False,True,False,,,False,False,,False,True,live,200.0,http://insboys.com/,人生就是搏·(中国)集团,https: ConnectionError,False,,,,,,,,,,unknown,Live today as a Chinese gambling page (domain likely repurposed); no evidence of June-2022 function,False,
justcreative.com,empty_groups,2,4,False,True,False,,,True,False,,False,True,live,200.0,https://justcreative.com/,Brand Designer & Strategist - Branding Agency JUST™ Creative,,True,https://justcreative.com/,7.0,1.0,0.0,1.0,0.0,0.0,1.0,,content_site,Just Creative design blog/agency; live,False,
linkcdn.to,empty_groups,1,4,False,True,False,,,False,False,,False,False,dead,,,,"dns: [Errno 8] nodename nor servname provided, or not known",False,,,,,,,,,,cdn_api_host,"Unambiguous link/CDN name morphology; dead today, no other evidence",True,
outlawkitchens.com,empty_groups,1,4,False,True,False,,,False,False,,False,True,live,200.0,https://www.outlawkitchens.com/,,,True,https://www.outlawkitchens.com/,0.0,0.0,0.0,0.0,0.0,0.0,0.0,,content_site,Outlaw Kitchens (small business); live 200 at own domain,False,
researchamericainc.com,empty_groups,1,4,False,True,False,,,False,False,,False,True,live,200.0,https://researchamericainc.com/,Market Research Company | Consumer Insights | Research America,,True,https://researchamericainc.com/,1.0,6.0,0.0,0.0,0.0,0.0,0.0,,content_site,Research America market-research company site; live,False,
thisdayinaviation.com,empty_groups,2,4,False,True,False,,,True,False,,False,True,live,200.0,https://www.thisdayinaviation.com//,This Day in Aviation | Important Dates in Aviation History,,True,https://www.thisdayinaviation.com//,1.0,0.0,0.0,0.0,0.0,0.0,0.0,,content_site,This Day in Aviation history site; live; HA-measured 2022,False,
antitpd.com,empty_groups,1,3,False,True,False,,,False,False,,False,True,http_error,404.0,https://antitpd.com/,,,True,https://antitpd.com/,0.0,0.0,0.0,0.0,0.0,0.0,0.0,,unknown,"404 today; no WB capture, not HA-measured, no DDG listing; opaque name",False,
equityapartments.com,empty_groups,1,3,False,True,False,,,False,False,,False,True,live,200.0,https://equityapartments.com/,Home | EquityApartments.com,,True,https://equityapartments.com/,4.0,1.0,0.0,0.0,0.0,0.0,1.0,,content_site,Equity Residential apartments site; live,False,
fybelle.com,empty_groups,1,3,False,True,False,,,False,False,,False,True,live,200.0,https://fybelle.com/,,,True,https://fybelle.com/cgi-sys/defaultwebpage.cgi,0.0,0.0,0.0,0.0,0.0,0.0,0.0,,unknown,"Live but blank title; no WB capture, not HA-measured, no DDG listing; function unclear",False,
gotodobbs.com,empty_groups,1,3,False,True,False,,,False,False,,False,True,live,200.0,https://www.gotodobbs.com/,Dobbs Tire & Auto Centers - Car Repair and Auto Shop,,True,https://www.gotodobbs.com/,9.0,5.0,0.0,1.0,0.0,1.0,1.0,,content_site,Dobbs Tire & Auto Centers; live,False,
macaronigrill.com,empty_groups,1,3,False,True,False,,,False,False,,False,True,live,200.0,https://www.macaronigrill.com/,Romano's Macaroni Grill Italian Restaurant,,True,https://www.macaronigrill.com/,12.0,16.0,0.0,0.0,0.0,1.0,1.0,,content_site,Romano's Macaroni Grill restaurant; live,False,
nordicneedle.net,empty_groups,1,3,False,True,False,,,False,False,,False,True,live,200.0,https://nordicneedle.net/,PGBET : Nyalakan Rentetan Kemenangan Dengan Bet Pemicu Jackpot Gacor,,True,https://nordicneedle.net/,1.0,0.0,0.0,0.0,0.0,0.0,0.0,,content_site,Nordic Needle needlework retailer in the panel era; page today shows Indonesian gambling spam (domain since repurposed),False,
pomopizzeria.com,empty_groups,1,3,False,True,False,,,False,False,,False,True,live,200.0,https://pomopizzeria.com/,POMO Pizzeria: Authentic Italian Pizza Experience in Arizona,,False,,,,,,,,,,content_site,POMO Pizzeria restaurant; live,False,
pridewaves.com,empty_groups,1,3,False,True,False,,,False,False,,False,False,dead,,,,"dns: [Errno 8] nodename nor servname provided, or not known",False,,,,,,,,,,dead,"Dead today; no WB capture, not HA-measured, no DDG listing",True,
riverfoodpantry.org,empty_groups,1,3,False,True,False,,,False,False,,False,True,live,200.0,https://www.riverfoodpantry.org/,"The River Food Pantry – Dane County, WI",,True,https://www.riverfoodpantry.org/,6.0,0.0,0.0,0.0,0.0,1.0,1.0,,content_site,River Food Pantry nonprofit; live,False,
spreadthefaithstore.com,empty_groups,1,3,False,True,False,,,False,False,,False,False,dead,,,,"dns: [Errno 8] nodename nor servname provided, or not known",False,,,,,,,,,,dead,"Dead today; no WB capture, not HA-measured, no DDG listing; store-sounding name uncorroborated",False,
surgentcpe.com,empty_groups,1,3,False,True,False,,,False,False,,False,True,live,200.0,https://www.surgentcpe.com/,CPE Courses for CPAs & Tax Professionals | Surgent CPE,,True,https://www.surgentcpe.com/,13.0,22.0,0.0,1.0,1.0,0.0,1.0,,content_site,Surgent CPE courses for accountants; live,False,
transfermarkt.com,empty_groups,1,3,False,True,False,,,False,False,,False,True,live,200.0,https://www.transfermarkt.com/,"Football transfers, rumours, market values and news | Transfermarkt",,True,https://www.transfermarkt.com/,0.0,0.0,0.0,0.0,0.0,0.0,0.0,,content_site,Transfermarkt football data site; live,False,
camscape.com,empty_groups,1,2,False,True,False,,,False,False,,False,True,live,200.0,https://www.camscape.com/,Live Webcams on Camscape – Free Streaming Cams Worldwide,,True,https://www.camscape.com/,20.0,17.0,0.0,0.0,0.0,0.0,1.0,,content_site,Camscape live travel webcams directory; live,False,
cartermario.com,empty_groups,1,2,False,True,False,,,False,False,,False,True,live,200.0,https://www.cartermario.com/,CT Car Accident & Injury Lawyers | 30+ Years Experience,,True,https://www.cartermario.com/,4.0,1.0,0.0,0.0,0.0,1.0,1.0,,content_site,Carter Mario injury law firm; live,False,
dakine.com,api_network_error,1,2,False,True,False,,,False,False,,False,True,live,200.0,https://www.dakine.com/,"Dakine | Backpacks, Luggage, Surf, Snow, & Bike Gear Since 1979",,False,,,,,,,,,,content_site,Dakine outdoor-gear retail; live; original failure was scraper-side network error,False,
digitach.net,empty_groups,1,2,False,True,False,,,False,False,,False,True,live,200.0,https://digitach.net/,球队海报 - 2026 赛季赛事数据与前瞻,,True,https://digitach.net/,0.0,1.0,0.0,0.0,0.0,0.0,0.0,,unknown,Live today with Chinese sports-data title (likely repurposed); no evidence of June-2022 function,False,
entitlementopposition.com,empty_groups,1,2,False,True,False,,,False,False,,False,False,dead,,,,"dns: [Errno 8] nodename nor servname provided, or not known",False,,,,,,,,,,dead,"Dead today; no WB capture, not HA-measured, no DDG listing; political-mailer name uncorroborated",False,
flxfy-host01.com,empty_groups,1,2,False,True,False,,,False,False,,False,True,network_filtered,200.0,http://wired.meraki.com/,Cisco Meraki,https: ConnectionError,True,https://flxfy-host01.com/,0.0,0.0,0.0,0.0,0.0,0.0,0.0,,cdn_api_host,Numbered-host CDN name morphology (flxfy-host01); network-filtered from probe vantage; embedded media host pattern,False,
fontsgeek.com,empty_groups,1,2,False,True,False,,,False,False,,False,True,live,200.0,https://fontsgeek.com/,Fontsgeek : Download Thousands Of Cool Free Fonts For Windows And Mac.,,False,,,,,,,,,,content_site,FontsGeek free-font download site; live,False,
foreverstampshop.com,empty_groups,1,2,False,True,False,,,False,False,,False,True,live,200.0,https://foreverstampshop.com/,USPSFASTSTAMPS,,True,https://foreverstampshop.com/,0.0,0.0,0.0,0.0,0.0,0.0,0.0,,content_site,"Stamp e-commerce storefront (USPSFASTSTAMPS title; likely counterfeit-stamp shop, still a user-facing store); live",False,
ganbino.com,empty_groups,1,2,False,True,False,,,False,False,,False,True,live,200.0,https://ganbino.com/,Loading...,,True,http://ww547.ganbino.com/,1.0,0.0,0.0,0.0,0.0,0.0,0.0,,adtech_infrastructure,"Probe intermittently redirects into corplusi.com match-#### affiliate offer feed; redirect-lander plumbing, not a destination",False,
hellotds.com,empty_groups,1,2,False,True,False,,,False,False,,False,True,live,200.0,https://hellotds.com/,"Home and Business Internet, TV and Phone Service | Up to 2Gig - TDS",,True,https://hellotds.com/,9.0,6.0,0.0,0.0,0.0,1.0,1.0,,content_site,TDS Telecom customer site; live,False,
highvoltagedetox.com,empty_groups,1,2,False,True,False,,,False,False,,False,True,live,200.0,https://www.highvoltagedetox.com/,"High Voltage Detox Home - Offering Fast, Safe, Effective Detox Products",,True,https://www.highvoltagedetox.com/,5.0,6.0,1.0,0.0,1.0,0.0,0.0,,content_site,High Voltage Detox product store; live,False,
hpinstantink.com,empty_groups,1,2,False,True,False,,,False,False,,False,True,redirect,200.0,https://instantink.hpconnected.com/us/en/l/v2?jumpid=va_65bsqvipye,,,True,https://instantink.hpconnected.com/us/en/l/v2?jumpid=va_65bsqvipye,1.0,1.0,1.0,0.0,0.0,0.0,0.0,,content_site,HP Instant Ink service portal (redirects into hpconnected.com; same operation); deliberate user visits,False,
intuit.me,empty_groups,1,2,False,True,False,,,False,False,,False,True,redirect,200.0,https://bitly.com/pages/landing/branded-short-domains-powered-by-bitly?bsd=intuit.me,Custom Domain by Bitly,,True,https://bitly.com/pages/landing/branded-short-domains-powered-by-bitly?bsd=intuit.me,3.0,1.0,0.0,0.0,0.0,0.0,0.0,,adtech_infrastructure,"Bitly-powered branded short-link domain for Intuit marketing; redirect plumbing, not a destination",False,
legionfarm.com,empty_groups,1,2,False,True,False,,,False,False,,False,True,redirect,200.0,https://lfcarry.com/,"LFCarry | Pro Boosts & Carries — Destiny 2, WoW Midnight, COD & More",,True,https://lfcarry.com/,7.0,2.0,1.0,0.0,0.0,1.0,1.0,,content_site,Legionfarm game-boosting service (now LFCarry; same-operation redirect); live,False,
lendtra.com,empty_groups,1,2,False,True,False,,,False,False,,False,True,redirect,200.0,https://domains.atom.com/lpd/name/lendtra.com,Lendtra.com — Premium Domain For Sale | Atom,,True,https://domains.atom.com/lpd/name/lendtra.com,12.0,30.0,0.0,0.0,0.0,0.0,1.0,,parked_or_forsale,"For-sale lander at Atom.com domain marketplace; no WB capture, not HA-measured; no evidence of substantive 2022 content",False,
mountzionfinancing.com,empty_groups,1,2,False,True,False,,,False,False,,False,False,dead,,,,"dns: [Errno 8] nodename nor servname provided, or not known",False,,,,,,,,,,dead,"Dead today; no WB capture, not HA-measured, no DDG listing",False,
mycreditcard.mobi,empty_groups,1,2,False,True,False,,,False,False,,False,False,dead,,,,"dns: [Errno 8] nodename nor servname provided, or not known",False,,,,,,,,,,content_site,Continental Finance credit-card account/payment portal (recognizable service); dead today,False,
mytupperware.com,empty_groups,1,2,False,True,False,,,False,False,,False,True,dead,,,,http: ConnectionError,False,,,,,,,,,,content_site,Tupperware consultant/customer portal; recognizable brand (company since collapsed); dead today,False,
numberle.org,empty_groups,1,2,False,True,False,,,False,False,,False,True,live,200.0,https://numberle.org/,Numberle - Daily Math Game & Number Puzzles,,True,https://numberle.org/,44.0,27.0,1.0,0.0,0.0,0.0,1.0,,content_site,Numberle daily math game; live,False,
outdoorelement.com,empty_groups,1,2,False,True,False,,,False,False,,False,True,live,200.0,https://outdoorelement.com/,OUTDOOR ELEMENT | Outdoor Adventure & Survival Gear – Outdoor Element,,True,https://outdoorelement.com/,0.0,0.0,0.0,0.0,0.0,0.0,0.0,,content_site,Outdoor Element gear store; live,True,
poprtb.com,empty_groups,1,2,False,True,True,,,False,False,,False,True,live,200.0,https://www.poprtb.com/,PopRTB - Redefining online advertising,,False,,,,,,,,,,adtech_infrastructure,PopRTB - Redefining online advertising (own title); RTB pop-ad network; DDG-listed,True,
pyyodebts.com,empty_groups,1,2,False,True,False,,,False,False,,False,False,dead,,,,"dns: [Errno 8] nodename nor servname provided, or not known",False,,,,,,,,,,dead,"Dead today; no WB capture, not HA-measured, no DDG listing; debt-lander name uncorroborated",False,
seedsman.com,empty_groups,1,2,False,True,False,,,False,False,,False,True,live,200.0,https://www.seedsman.com/us-en/,Seedsman Cannabis Seeds | Buy Online with Delivery Across the USA,,True,https://www.seedsman.com/us-en/,4.0,7.0,0.0,1.0,0.0,0.0,1.0,,content_site,Seedsman cannabis-seed retailer; live,False,
sendmesamples.com,empty_groups,1,2,False,True,False,,,False,False,,False,False,dead,,,,"dns: [Errno 8] nodename nor servname provided, or not known",False,,,,,,,,,,dead,"Dead today; no WB capture, not HA-measured, no DDG listing; free-samples-lander name uncorroborated",False,
starmotorcars.com,empty_groups,1,2,False,True,False,,,False,False,,False,True,dead,,,,http: ConnectTimeout,False,,,,,,,,,,content_site,Star Motor Cars Houston dealership (recognizable real business); dead to probe today,False,
townhallburgerandbeer.com,empty_groups,1,2,False,True,False,,,False,False,,False,True,dead,,,,http: ConnectTimeout,False,,,,,,,,,,content_site,"Town Hall Burger and Beer NC restaurant (real, since closed); dead today",False,
treatstream.com,empty_groups,1,2,False,True,False,,,False,False,,False,True,live,200.0,https://treatstream.com/,TreatStream,,True,https://treatstream.com/,1.0,0.0,0.0,0.0,0.0,0.0,0.0,,content_site,TreatStream site; live with own branding,False,
vertiv.com,empty_groups,1,2,False,True,False,,,False,False,,False,True,live,200.0,https://www.vertiv.com/en-us/,Vertiv | A global leader in critical digital infrastructure,,True,https://www.vertiv.com/en-us/,9.0,16.0,0.0,0.0,0.0,0.0,0.0,,content_site,Vertiv digital-infrastructure company; live,False,
videochums.com,empty_groups,1,2,False,True,False,,,False,False,,False,True,live,200.0,https://videochums.com/,Video Chums · Hang out and play games,,True,https://videochums.com/,23.0,45.0,0.0,0.0,0.0,0.0,0.0,,content_site,Video Chums game reviews; live,False,
yrrut.com,empty_groups,1,2,False,True,False,,,False,False,,False,False,dead,,,,"dns: [Errno 8] nodename nor servname provided, or not known",False,,,,,,,,,,dead,"Dead today; no WB capture, not HA-measured, no DDG listing; opaque name",False,
zeteo316.com,empty_groups,1,2,False,True,False,,,False,False,,False,True,live,200.0,https://zeteo316.com/,Zeteo 3:16 - Serve-Inform-Support,,True,https://zeteo316.com/,4.0,1.0,0.0,0.0,0.0,0.0,0.0,,content_site,Zeteo 3:16 ministry site; live,False,
billybeezus.co,empty_groups,1,1,False,True,False,,,False,False,,False,False,dead,,,,"dns: [Errno 8] nodename nor servname provided, or not known",False,,,,,,,,,,dead,"Dead today; no WB capture, not HA-measured, no DDG listing; opaque name",False,
howoldamicalc.com,empty_groups,1,1,False,True,False,,,False,False,,False,True,dead,,,,http: ReadTimeout,True,https://howoldamicalc.com/,0.0,0.0,0.0,0.0,0.0,0.0,0.0,,dead,"Dead today; no WB capture, not HA-measured, no DDG listing; calculator-widget name uncorroborated",False,
letstravelfamily.com,empty_groups,1,1,False,True,False,,,False,False,,False,True,live,200.0,https://www.letstravelfamily.com/,Family Travel Blog - Let's Travel Family,,True,https://www.letstravelfamily.com/,39.0,66.0,0.0,0.0,0.0,0.0,0.0,,content_site,Family travel blog; live,True,
officesepot.co,empty_groups,1,1,False,True,False,,,False,False,,False,False,dead,,,,"dns: [Errno 8] nodename nor servname provided, or not known",False,,,,,,,,,,dead,Dead today; Office Depot typosquat name with no WB/HA/DDG evidence of what it served,False,
posnet.us,empty_groups,1,1,False,True,False,,,False,False,,False,True,live,200.0,https://posnet.us/,Posnet - Home,,True,https://posnet.us/,1.0,0.0,0.0,0.0,0.0,0.0,0.0,,content_site,Posnet company site; live with own branding,False,
protonpuredirect.com,empty_groups,1,1,False,True,False,,,False,False,,False,False,dead,,,,"dns: [Errno 8] nodename nor servname provided, or not known",False,,,,,,,,,,dead,"Dead today; no WB capture, not HA-measured, no DDG listing; direct-response-offer name uncorroborated",False,
