private_domain,failure_reason,reach,visits,in_visits_stratum,in_uniform_stratum,is_ddg_tracker,ddg_categories,ddg_owner,ha22_measured,wb_2022_capture,wb_snapshot_ts,wb_html_cached,dns_resolves,probe_status,http_status,final_url,page_title,probe_error,bl_scan_success,bl_final_url,bl_ddg_join_ads,bl_third_party_cookies,bl_canvas_fingerprinting,bl_session_recording,bl_key_logging,bl_fb_pixel,bl_google_analytics,wb_title
decipherinc.com,site_unreachable,301,84099,True,False,False,,,True,False,,False,False,dead,,,,"dns: [Errno 8] nodename nor servname provided, or not known",False,,,,,,,,,
microsoftonline.com,site_unreachable,348,34600,True,False,True,,Microsoft Corporation,True,False,,False,False,dead,,,,"dns: [Errno 8] nodename nor servname provided, or not known",False,,,,,,,,,
yougov.com,empty_groups,544,32935,True,False,False,,,True,False,,False,True,live,200.0,https://yougov.com/,YouGov: Data Analytics & Market Research Services,,True,https://yougov.com/,0.0,0.0,0.0,0.0,0.0,0.0,0.0,
sentry.io,empty_groups,175,24969,True,False,True,,"Functional Software, Inc.",True,False,,False,True,live,200.0,https://sentry.io/welcome/,Application Performance Monitoring & Error Tracking Software | Sentry,,True,https://sentry.io/welcome/,0.0,0.0,0.0,0.0,0.0,0.0,0.0,
pch.com,empty_groups,68,24231,True,False,False,,,True,False,,False,True,live,200.0,https://www.pch.com/,Publishers Clearing House: Online Sweepstakes & Prizes Since 1967,,True,https://pch.com/,0.0,0.0,0.0,0.0,0.0,0.0,0.0,
fbcdnx14.net,empty_groups,1,16771,True,False,False,,,False,False,,False,True,redirect,200.0,https://www.squidapp.co/,Home - SQUID News App,,True,https://www.squidapp.co/,4.0,2.0,0.0,0.0,0.0,0.0,0.0,
surveyjunkie.com,empty_groups,96,11471,True,False,False,,,True,False,,False,True,live,200.0,https://www.surveyjunkie.com/,,,True,https://www.surveyjunkie.com/,11.0,19.0,1.0,0.0,0.0,0.0,1.0,
eggbuddies.com,empty_groups,1,9152,True,False,False,,,False,False,,False,True,live,200.0,https://eggbuddies.com/,Egg Buddies,,True,https://eggbuddies.com/,3.0,2.0,0.0,0.0,0.0,0.0,0.0,
fandom.com,empty_groups,173,7840,True,False,True,,"Fandom, Inc.",True,False,,False,True,http_error,403.0,https://www.fandom.com/,Just a moment...,,True,https://www.fandom.com/,34.0,21.0,0.0,0.0,0.0,0.0,1.0,
google.com.mx,api_network_error,1,7820,True,False,False,,,False,False,,False,True,redirect,200.0,https://www.google.com/,Google,,True,https://www.google.com/,3.0,7.0,0.0,0.0,0.0,0.0,0.0,
authoritytrcker.com,empty_groups,66,7504,True,False,False,,,False,False,,False,False,dead,,,,"dns: [Errno 8] nodename nor servname provided, or not known",False,,,,,,,,,
impactcdn.com,empty_groups,65,7459,True,False,True,,Impact,False,False,,False,False,dead,,,,"dns: [Errno 8] nodename nor servname provided, or not known",False,,,,,,,,,
trysera.com,empty_groups,27,6068,True,False,True,,,False,True,20220705130658.0,True,True,live,200.0,https://trysera.com/,TrySERA: Site Email Retargeting Advantage,,True,https://trysera.com/,4.0,0.0,0.0,0.0,0.0,0.0,0.0,TrySERA: Site Email Retargeting Advantage
gunmemorial.org,empty_groups,1,5200,True,False,False,,,False,False,,False,True,live,200.0,https://gunmemorial.org/,National Gun Violence Memorial,,True,https://gunmemorial.org/,1.0,0.0,0.0,0.0,0.0,0.0,0.0,
minutemedia-prebid.com,empty_groups,55,4707,True,False,True,,,False,False,,False,False,dead,,,,"dns: [Errno 8] nodename nor servname provided, or not known",False,,,,,,,,,
nypost.com,empty_groups,120,4380,True,False,False,,,True,False,,False,True,live,200.0,https://nypost.com/,"New York Post – Breaking News, Top Headlines, Photos & Videos",,False,,,,,,,,,
quizzclub.com,api_network_error,3,4275,True,False,False,,,True,False,,False,True,live,200.0,https://quizzclub.com/,"Fun Trivia Questions, Quizzes and Personality Tests | QuizzClub",,True,https://quizzclub.com/,44.0,12.0,0.0,0.0,0.0,1.0,1.0,
aaxads.com,empty_groups,13,4110,True,False,True,,Acceptable Ads Exchange,False,False,,False,False,dead,,,,"dns: [Errno 8] nodename nor servname provided, or not known",False,,,,,,,,,
opinionationzone.com,empty_groups,64,3910,True,False,False,,,False,False,,False,False,dead,,,,"dns: [Errno 8] nodename nor servname provided, or not known",False,,,,,,,,,
dynoflow.net,empty_groups,60,3464,True,False,False,,,True,False,,False,True,http_error,404.0,https://dynoflow.net/,,,True,https://dynoflow.net/,0.0,0.0,0.0,0.0,0.0,0.0,0.0,
everyonesez.com,empty_groups,22,3248,True,False,False,,,False,False,,False,True,live,200.0,https://everyonesez.com/en,Welcome to EveryoneSez,,True,https://everyonesez.com/en,0.0,0.0,0.0,0.0,0.0,0.0,0.0,
sawtoothsoftware.com,empty_groups,76,3205,True,False,False,,,True,False,,False,True,live,200.0,https://sawtoothsoftware.com/,Market Research Software | Find Survey Software & Market Research Solutions - Sawtooth Software,,True,https://sawtoothsoftware.com/,0.0,0.0,0.0,0.0,0.0,0.0,0.0,
eu-1-id5-sync.com,site_unreachable,150,3014,True,False,True,,,False,False,,False,True,dead,,,,http: ReadTimeout,True,https://eu-1-id5-sync.com/,0.0,0.0,0.0,0.0,0.0,0.0,0.0,
musio.co,empty_groups,3,2910,True,False,False,,,True,False,,False,False,dead,,,,"dns: [Errno 8] nodename nor servname provided, or not known",False,,,,,,,,,
realtor.com,empty_groups,95,2825,True,False,True,,Move Inc.,True,False,,False,True,http_error,429.0,https://www.realtor.com:443/,,,True,https://www.realtor.com/,0.0,0.0,0.0,0.0,0.0,0.0,0.0,
get663.com,empty_groups,6,2705,True,False,False,,,False,False,,False,True,dead,,,,http: ConnectionError,False,,,,,,,,,
wayfair.com,empty_groups,106,2446,True,False,False,,,True,False,,False,True,http_error,429.0,https://www.wayfair.com/,Access to this page has been denied,,True,https://www.wayfair.com/,0.0,0.0,0.0,0.0,0.0,0.0,0.0,
ps-di.com,empty_groups,90,2429,True,False,False,,,False,False,,False,True,live,200.0,https://is.ps-di.com,Paradigm,,True,https://is.ps-di.com/auth/login,0.0,1.0,1.0,0.0,0.0,0.0,0.0,
insights-today.com,site_unreachable,109,2388,True,False,False,,,False,False,,False,False,dead,,,,"dns: [Errno 8] nodename nor servname provided, or not known",False,,,,,,,,,
enginesurveys.com,empty_groups,33,2326,True,False,False,,,False,False,,False,False,dead,,,,"dns: [Errno 8] nodename nor servname provided, or not known",False,,,,,,,,,
protonmail.com,empty_groups,5,2311,True,False,False,,,True,False,,False,True,redirect,200.0,https://proton.me/mail,Proton Mail: Get a free email account with privacy and encryption | Proton,,True,https://proton.me/mail,0.0,0.0,0.0,0.0,0.0,0.0,0.0,
chess.com,api_network_error,13,2165,True,False,False,,,True,False,,False,True,live,200.0,https://www.chess.com/,Chess.com - Play Chess Online - Free Games,,True,https://www.chess.com/,0.0,1.0,0.0,0.0,0.0,0.0,0.0,
ttvnw.net,empty_groups,22,2073,True,False,True,,"Amazon Technologies, Inc.",False,False,,False,False,dead,,,,"dns: [Errno 8] nodename nor servname provided, or not known",False,,,,,,,,,
pushnetwork.com,empty_groups,19,1984,True,False,False,,,False,False,,False,True,dead,,,,http: ReadTimeout,True,https://pushnetwork.com/,0.0,0.0,0.0,0.0,0.0,0.0,0.0,
roku.com,empty_groups,54,1846,True,False,False,,,True,False,,False,True,live,200.0,https://www.roku.com/,Roku,,True,https://www.roku.com/,4.0,1.0,0.0,0.0,0.0,0.0,1.0,
neet.tv,empty_groups,1,1827,True,False,False,,,False,False,,False,True,http_error,404.0,https://neet.tv/,404 Not Found,,True,https://neet.tv/,0.0,0.0,0.0,0.0,0.0,0.0,0.0,
ibanking-services.com,empty_groups,15,1743,True,False,False,,,False,False,,False,False,dead,,,,"dns: [Errno 8] nodename nor servname provided, or not known",False,,,,,,,,,
cdnwidget.com,site_unreachable,76,1696,True,False,True,Obscure Ownership;Unknown High Risk Behavior,CDNWIDGET.COM,False,False,,False,True,dead,,,,http: ConnectionError,True,https://cdnwidget.com/,0.0,0.0,0.0,0.0,0.0,0.0,0.0,
wmcdp.io,empty_groups,29,1569,True,False,True,,"Warner Bros. Discovery, Inc.",False,False,,False,False,dead,,,,"dns: [Errno 8] nodename nor servname provided, or not known",False,,,,,,,,,
pineconeresearch.com,empty_groups,80,1519,True,False,False,,,True,False,,False,True,dead,,,,http: SSLError,True,https://www.pineconeresearch.com/,0.0,0.0,0.0,0.0,0.0,0.0,0.0,
discoveryplus.com,empty_groups,58,1471,True,False,False,,,True,False,,False,True,live,200.0,https://www.discoveryplus.com/,discovery+ | Stream Real-Life TV Episodes,,True,https://www.discoveryplus.com/,3.0,2.0,0.0,0.0,0.0,0.0,0.0,
instiengage.com,site_unreachable,41,1375,True,False,True,,,False,False,,False,True,dead,,,,http: ReadTimeout,True,https://instiengage.com/,0.0,0.0,0.0,0.0,0.0,0.0,0.0,
gap.com,empty_groups,50,1174,True,False,False,,,True,True,20220615130338.0,True,True,live,200.0,https://www.gap.com/,"Gap Individual style for Women's, Men's, Baby & Kids' Clothing",,False,,,,,,,,,"Shop Gap for Casual Women's, Men's, Maternity, Baby & Kids Clothes"
bathandbodyworks.com,empty_groups,33,1158,True,False,False,,,True,False,,False,True,live,307.0,https://bathandbodyworks.com/,Access to this page has been denied,,True,https://www.bathandbodyworks.com/,11.0,10.0,0.0,0.0,0.0,0.0,0.0,
ibotta.com,empty_groups,53,1143,True,False,False,,,True,False,,False,True,live,200.0,https://ibotta.com/,Ibotta | Performance Marketing Leader,,True,https://ibotta.com/,1.0,0.0,0.0,0.0,0.0,0.0,0.0,
b4k.co,empty_groups,1,1111,True,False,False,,,False,False,,False,True,live,200.0,https://b4k.co/,b4k.co,,True,https://b4k.co/,1.0,0.0,0.0,0.0,0.0,0.0,1.0,
prmutv.co,empty_groups,119,979,True,False,True,,"Permutive, Inc.",False,False,,False,False,dead,,,,"dns: [Errno 8] nodename nor servname provided, or not known",False,,,,,,,,,
mygiftcardsplus.com,empty_groups,38,955,True,False,False,,,True,False,,False,True,live,200.0,https://www.mygiftcardsplus.com/,MyGiftCardsPlus: Get cash back on gift cards purchases. Top-rated by customers,,True,https://www.mygiftcardsplus.com/,0.0,0.0,0.0,0.0,0.0,0.0,0.0,
tophatter.com,empty_groups,5,899,True,False,False,,,True,False,,False,False,dead,,,,"dns: [Errno 8] nodename nor servname provided, or not known",False,,,,,,,,,
samsung.com,empty_groups,103,868,True,False,True,,Samsung Electronics Co. Ltd,True,False,,False,True,live,200.0,https://www.samsung.com/us/,Samsung US | Mobile | TV | Home Electronics | Home Appliances | Samsung US,,True,https://www.samsung.com/us/,1.0,0.0,0.0,0.0,0.0,0.0,0.0,
ozone.ai,empty_groups,2,847,True,False,False,,,True,False,,False,True,live,200.0,http://ozone.ai/,Future home of ozone.ai,https: ConnectionError,False,,,,,,,,,
ghostery.net,api_network_error,1,822,True,False,True,,,False,False,,False,True,http_error,403.0,http://ghostery.net/,ERROR: The request could not be satisfied,https: SSLError,False,,,,,,,,,
wgntv.com,empty_groups,6,784,True,False,False,,,True,False,,False,True,http_error,403.0,https://wgntv.com/,Access to this page has been denied,,True,https://wgntv.com/,0.0,0.0,0.0,0.0,0.0,0.0,0.0,
ipinfo.io,empty_groups,22,766,True,False,True,,"IDB, LLC",True,False,,False,True,live,200.0,https://ipinfo.io/,IP Data Intelligence for Developers & Enterprises | IPinfo,,False,,,,,,,,,
toyhou.se,empty_groups,4,748,True,False,False,,,True,False,,False,True,live,200.0,https://toyhou.se/,Toyhouse,,True,https://toyhou.se/,1.0,0.0,0.0,0.0,0.0,0.0,0.0,
theepochtimes.com,empty_groups,22,667,True,False,False,,,True,False,,False,True,live,200.0,https://www.theepochtimes.com/,"The Epoch Times | Breaking News, Latest News, World News and Videos",,True,https://www.theepochtimes.com/,10.0,2.0,0.0,0.0,0.0,0.0,1.0,
hentairead.com,empty_groups,1,539,True,False,False,,,False,False,,False,True,network_filtered,200.0,http://wired.meraki.com/,Cisco Meraki,https: ConnectionError,True,https://hentairead.com/,0.0,0.0,0.0,0.0,0.0,0.0,0.0,
apartments.com,empty_groups,40,530,True,False,False,,,True,False,,False,True,http_error,403.0,https://apartments.com/,Access Denied,,True,https://www.apartments.com/,0.0,0.0,1.0,0.0,0.0,0.0,0.0,
dealer.com,empty_groups,19,486,True,False,True,,Dealer Dot Com Inc,True,False,,False,True,live,200.0,https://www.dealer.com/,Automotive Digital Marketing Solutions | Dealer.com,,True,https://www.dealer.com/,11.0,17.0,0.0,0.0,0.0,0.0,1.0,
connectebt.com,empty_groups,10,457,True,False,False,,,True,False,,False,True,live,200.0,https://www.ConnectEBT.com/,,,True,https://www.connectebt.com/,0.0,0.0,1.0,0.0,0.0,0.0,0.0,
odycdn.com,empty_groups,3,450,True,False,False,,,False,False,,False,False,dead,,,,"dns: [Errno 8] nodename nor servname provided, or not known",False,,,,,,,,,
diply.com,empty_groups,5,444,True,False,False,,,True,False,,False,True,live,200.0,https://diply.com/,Diply – Get Lost Somewhere Good…,,True,https://diply.com/,27.0,21.0,0.0,0.0,0.0,0.0,1.0,
slingoarcade.com,empty_groups,2,439,True,False,False,,,True,False,,False,True,live,200.0,https://www.slingoarcade.com:443/,Slingo Arcade – A fast-moving social casino built on the simple idea that slots + bingo = seriously compelling gameplay.,,False,,,,,,,,,
hometalk.com,empty_groups,27,427,True,False,True,,,True,False,,False,True,live,200.0,https://www.hometalk.com,DIY Projects for the Home | Hometalk,,True,https://www.hometalk.com/,59.0,151.0,0.0,0.0,0.0,0.0,1.0,
academy.com,empty_groups,19,419,True,False,False,,,True,False,,False,True,live,200.0,https://www.academy.com/,"Academy Sports + Outdoors | Quality Sporting Goods | Top Hunting, Fishing & Outdoor Gear",,True,https://www.academy.com/,9.0,2.0,0.0,1.0,0.0,1.0,0.0,
discordapp.com,empty_groups,15,408,True,False,True,,"Discord, Inc.",True,False,,False,True,redirect,200.0,https://discord.com/,Discord - Group Chat That’s All Fun & Games,,True,https://discord.com/,1.0,1.0,0.0,0.0,0.0,0.0,0.0,
key.com,site_unreachable,11,319,True,False,False,,,True,False,,False,True,dead,,,,http: ReadTimeout,False,,,,,,,,,
express.com,empty_groups,11,316,True,False,False,,,True,False,,False,True,http_error,403.0,https://www.express.com/,Access Denied,,True,https://www.express.com/,3.0,2.0,1.0,0.0,0.0,0.0,0.0,
lr-in.com,empty_groups,27,312,True,False,True,,,False,False,,False,False,dead,,,,"dns: [Errno 8] nodename nor servname provided, or not known",False,,,,,,,,,
saksoff5th.com,empty_groups,8,311,True,False,False,,,True,False,,False,True,live,200.0,https://www.saksoff5th.com/,Site Offline,,True,https://www.saksoff5th.com/,0.0,0.0,0.0,0.0,0.0,0.0,0.0,
xlviiirdr.com,empty_groups,8,306,True,False,True,,,False,False,,False,True,network_filtered,200.0,http://wired.meraki.com/,Cisco Meraki,https: ConnectionError,True,https://xlviiirdr.com/,0.0,0.0,0.0,0.0,0.0,0.0,0.0,
cricketwireless.com,empty_groups,17,284,True,False,False,,,True,False,,False,True,live,200.0,https://www.cricketwireless.com/,Cricket Wireless | Unlimited Phone Plans | Affordable Cell Phones | No Contract,,True,https://www.cricketwireless.com/,17.0,11.0,1.0,0.0,0.0,1.0,1.0,
igodigital.com,site_unreachable,37,283,True,False,True,Ad Motivated Tracking;Advertising;Analytics;Audience Measurement;Third-Party Analytics Marketing,"Salesforce.com, Inc.",False,False,,False,False,dead,,,,"dns: [Errno 8] nodename nor servname provided, or not known",False,,,,,,,,,
elfcosmetics.com,empty_groups,3,276,True,False,False,,,True,False,,False,True,live,200.0,https://www.elfcosmetics.com/,e.l.f. Cosmetics: Affordable Makeup & Skincare - Cruelty Free | e.l.f. Cosmetics,,True,https://www.elfcosmetics.com/,2.0,0.0,0.0,0.0,0.0,0.0,0.0,
remotasks.com,empty_groups,1,275,True,False,False,,,False,False,,False,True,live,200.0,https://www.remotasks.com/en,Remotasks | Earn $USD Doing Online Tasks from Home,,True,https://www.remotasks.com/en,3.0,0.0,0.0,1.0,0.0,0.0,1.0,
adoptapet.com,empty_groups,13,272,True,False,False,,,True,False,,False,True,live,200.0,https://www.adoptapet.com/,"Adopt a Pet: Search Dogs, Cats & Pets for Adoption Near You",,True,https://www.adoptapet.com/,8.0,3.0,0.0,0.0,0.0,0.0,1.0,
eatthis.com,empty_groups,49,256,True,False,False,,,True,False,,False,True,live,200.0,https://www.eatthis.com/,"Eat This, Not That: Health, Nutrition, Weight Loss & Recipes",,True,https://www.eatthis.com/,70.0,83.0,0.0,0.0,0.0,0.0,1.0,
sparrow.org,empty_groups,2,253,True,False,False,,,True,False,,False,True,redirect,200.0,https://www.uofmhealthsparrow.org/,,,True,https://www.uofmhealthsparrow.org/,0.0,7.0,0.0,1.0,0.0,0.0,0.0,
quordle.com,empty_groups,7,242,True,False,False,,,True,False,,False,True,redirect,200.0,https://www.merriam-webster.com/games/quordle/,,,True,https://www.merriam-webster.com/games/quordle/,52.0,100.0,0.0,0.0,0.0,1.0,1.0,
seekingcrush.com,empty_groups,1,235,True,False,False,,,False,False,,False,True,dead,,,,http: ConnectionError,False,,,,,,,,,
metlife.com,empty_groups,4,215,True,False,False,,,True,True,20220614225238.0,True,True,live,200.0,https://www.metlife.com/,Insurance and Employee Benefits | MetLife,,True,https://www.metlife.com/,0.0,0.0,0.0,0.0,0.0,0.0,0.0,Insurance and Employee Benefits | MetLife
inmoment.com,empty_groups,29,195,True,False,True,,"InMoment, Inc.",True,False,,False,True,live,200.0,https://inmoment.com/,Integrated Customer Experience Solutions with AI | InMoment,,True,https://inmoment.com/,1.0,2.0,0.0,0.0,0.0,0.0,0.0,
nextmillmedia.com,empty_groups,62,174,True,False,True,,"Next Millennium Media, Inc.",False,False,,False,False,dead,,,,"dns: [Errno 8] nodename nor servname provided, or not known",False,,,,,,,,,
tp88trk.com,empty_groups,21,148,True,False,True,,,False,True,20220608171620.0,True,True,http_error,404.0,http://tp88trk.com/,,https: SSLError,False,,,,,,,,,Performance Marketing Platform
plateau.com,empty_groups,1,145,True,False,False,,,False,False,,False,True,dead,,,,http: ConnectTimeout,False,,,,,,,,,
chipotle.com,empty_groups,13,114,True,False,False,,,True,False,,False,True,live,200.0,https://www.chipotle.com/,Mexican Food - Restaurant & Catering - Chipotle Mexican Grill,,True,https://www.chipotle.com/,10.0,10.0,0.0,1.0,0.0,0.0,0.0,
lifewayequipa.com,empty_groups,1,92,True,False,False,,,False,False,,False,True,live,200.0,https://www.LIFEWAYEQUIPA.COM,EQUIPA,https: SSLError,False,,,,,,,,,
medscape.com,empty_groups,13,79,True,False,True,,"WebMD, LLC",True,False,,False,True,live,200.0,https://www.medscape.com/,"Latest Medical News, Clinical Trials, Guidelines - Today on Medscape",,True,https://www.medscape.com/,25.0,43.0,0.0,1.0,0.0,1.0,1.0,
stylitics.com,empty_groups,16,75,True,False,True,,"Stylitics, Inc.",False,True,20220621145420.0,True,True,live,200.0,https://stylitics.com/,,,True,https://stylitics.com/,9.0,28.0,0.0,1.0,0.0,0.0,0.0,Home - Stylitics Inc.
blidz.com,empty_groups,1,49,True,False,False,,,False,False,,False,True,live,200.0,https://blidz.com/,Blidz,,True,https://blidz.com/,4.0,0.0,0.0,0.0,0.0,1.0,1.0,
miqcommerce.com,empty_groups,3,40,True,False,True,,,False,False,,False,False,dead,,,,"dns: [Errno 8] nodename nor servname provided, or not known",False,,,,,,,,,
clearvoicesurveysmail.com,empty_groups,14,35,True,False,False,,,False,False,,False,False,dead,,,,"dns: [Errno 8] nodename nor servname provided, or not known",False,,,,,,,,,
icbf-congress.com,empty_groups,1,33,True,False,False,,,False,False,,False,False,dead,,,,"dns: [Errno 8] nodename nor servname provided, or not known",False,,,,,,,,,
tyt.com,empty_groups,1,23,True,False,False,,,False,False,,False,True,live,200.0,https://tyt.com/,Home - TYT.com,,False,,,,,,,,,
heraldtimesonline.com,empty_groups,2,22,True,False,False,,,True,False,,False,True,live,200.0,https://www.heraldtimesonline.com/,"The Herald-Times: Local News, Politics & Sports in Bloomington, IN",,True,https://www.heraldtimesonline.com/,68.0,22.0,0.0,0.0,1.0,0.0,1.0,
pocket-lint.com,empty_groups,6,17,True,False,False,,,True,False,,False,True,live,200.0,https://www.pocket-lint.com/,"Pocket-lint | Phone, gadget, and entertainment reviews, product news, and the best of the internet",,True,https://www.pocket-lint.com/,40.0,76.0,0.0,0.0,0.0,0.0,1.0,
schnellresearch.com,empty_groups,5,11,True,False,False,,,False,True,20220418233045.0,True,True,live,200.0,https://schnellresearch.com/,"Schnell Research | Schnell Research B2B Audience | Schnell Research Programming | Data Processing | Data Collection, CATI | Schnell Research B2B Audience",,True,https://schnellresearch.com/,0.0,0.0,0.0,0.0,0.0,0.0,0.0,"Schnell Research | Schnell Research B2B Audience | Schnell Research Programming | Data Processing | Data Collection, CATI | Schnell Research B2B Audience"
theblacksphere.net,empty_groups,3,8,True,False,False,,,True,False,,False,True,live,200.0,https://theblacksphere.net/,The Black Sphere – Ending identity politics,,False,,,,,,,,,
doshopify.com,empty_groups,3,6,True,False,False,,,False,True,20220501044829.0,True,True,live,200.0,https://doshopify.com/,,,True,https://doshopify.com/,0.0,0.0,0.0,0.0,0.0,0.0,0.0,Doshopify - All About Sharing Knowledge
ng.mil,empty_groups,1,3,True,False,False,,,False,False,,False,False,dead,,,,"dns: [Errno 8] nodename nor servname provided, or not known",False,,,,,,,,,
redfin.com,empty_groups,53,1191,False,True,False,,,True,False,,False,True,live,200.0,https://www.redfin.com/,"Redfin | Real Estate & Homes for Sale, Rentals, Mortgages & Agents",,True,https://www.redfin.com/,23.0,17.0,1.0,0.0,0.0,1.0,1.0,
redgifs.com,api_network_error,15,462,False,True,True,,,True,False,,False,True,network_filtered,200.0,http://wired.meraki.com/,Cisco Meraki,https: ConnectionError,True,https://www.redgifs.com/,0.0,0.0,0.0,0.0,0.0,0.0,0.0,
utrgv.edu,empty_groups,1,325,False,True,False,,,False,False,,False,True,live,200.0,https://www.utrgv.edu/,The University of Texas Rio Grande Valley | UTRGV,,True,https://www.utrgv.edu/,7.0,1.0,0.0,0.0,0.0,1.0,1.0,
salsalabs.org,empty_groups,13,137,False,True,True,,"Salsa Labs, Inc.",True,False,,False,True,dead,,,,http: ConnectTimeout,False,,,,,,,,,
marcos.com,empty_groups,6,111,False,True,False,,,True,False,,False,True,live,200.0,https://www.marcos.com/,Marco's Pizza Online Ordering,,True,https://www.marcos.com/,9.0,6.0,0.0,0.0,0.0,0.0,0.0,
omnigba.com,empty_groups,1,106,False,True,False,,,False,False,,False,True,live,200.0,https://omnigba.com/,,,True,https://omnigba.com/lander,0.0,2.0,0.0,0.0,0.0,0.0,0.0,
drinkiq.com,empty_groups,9,86,False,True,False,,,True,False,,False,True,live,200.0,https://www.drinkiq.com/en-gb,Effects of Alcohol | Drink Awareness | DRINKiQ UK,,True,https://www.drinkiq.com/en-us,1.0,6.0,0.0,0.0,0.0,0.0,0.0,
sho.com,empty_groups,5,56,False,True,False,,,True,False,,False,True,redirect,200.0,https://www.paramountplus.com/brands/showtime/,Watch Showtime Shows & Movies on Paramount+,,True,https://www.paramountplus.com/brands/showtime/,30.0,45.0,0.0,0.0,0.0,1.0,0.0,
mangahere.cc,empty_groups,2,43,False,True,False,,,True,False,,False,True,network_filtered,200.0,http://wired.meraki.com/,Cisco Meraki,https: ConnectionError,True,http://m.mangahere.cc/,4.0,1.0,0.0,0.0,0.0,0.0,0.0,
dinosaurized.com,empty_groups,1,41,False,True,False,,,False,False,,False,True,live,200.0,https://dinosaurized.com/,Top Tactical Gears - Survival Tools | Dinosaurized: An Army Store,,True,https://dinosaurized.com/,8.0,12.0,1.0,0.0,0.0,0.0,1.0,
box.net,empty_groups,5,39,False,True,False,,,True,False,,False,True,redirect,200.0,https://www.box.com/,,,True,https://www.box.com/,18.0,3.0,0.0,0.0,0.0,1.0,0.0,
employedusa.com,empty_groups,6,33,False,True,False,,,True,False,,False,True,live,200.0,https://employedusa.com/,Home Page - Employed USA,,True,https://employedusa.com/,2.0,0.0,0.0,0.0,0.0,0.0,1.0,
freefilefillableforms.com,empty_groups,2,28,False,True,False,,,False,False,,False,True,live,200.0,https://freefilefillableforms.com/home/default.php,Free File Fillable Forms,,True,https://freefilefillableforms.com/home/default.php,0.0,0.0,0.0,0.0,0.0,0.0,0.0,
lovemesomeprizes.com,empty_groups,1,25,False,True,False,,,False,False,,False,False,dead,,,,"dns: [Errno 8] nodename nor servname provided, or not known",False,,,,,,,,,
planet7casino.com,empty_groups,3,25,False,True,False,,,True,False,,False,True,live,200.0,https://www.planet7casino.com/,Best Online Casino | 200% BONUS + FREE SPINS at Planet 7,,True,https://www.planet7casino.com/,2.0,2.0,0.0,0.0,0.0,0.0,0.0,
zinmanga.com,empty_groups,1,23,False,True,False,,,False,False,,False,True,network_filtered,200.0,http://wired.meraki.com/,Cisco Meraki,https: ConnectionError,False,,,,,,,,,
gp.org,empty_groups,1,22,False,True,False,,,False,False,,False,True,live,200.0,https://www.gp.org/,www.gp.org,,True,https://www.gp.org/,0.0,0.0,0.0,0.0,0.0,0.0,0.0,
hudsonjeans.com,empty_groups,1,22,False,True,False,,,False,False,,False,True,live,200.0,https://www.hudsonjeans.com/,"Expertly crafted denim with an effortless, rebellious style - Shop Denim and Apparel for Women, Men and Kids from Hudson Jeans. Designed in Los Angeles.",,False,,,,,,,,,
indy100.com,empty_groups,7,21,False,True,False,,,True,False,,False,True,live,200.0,https://www.indy100.com/,Indy100 | News | Politics | YouTube and TikTok News,,True,https://www.indy100.com/,61.0,135.0,0.0,0.0,0.0,0.0,1.0,
loudwire.com,empty_groups,7,21,False,True,False,,,True,False,,False,True,live,200.0,https://loudwire.com/,Loudwire,,True,https://loudwire.com/,72.0,145.0,0.0,0.0,0.0,0.0,1.0,
solutionhealth.org,empty_groups,2,20,False,True,False,,,True,False,,False,True,live,200.0,https://www.solutionhealth.org/,SolutionHealth – A HealthCare solution for New Hampshire,,True,https://www.solutionhealth.org/,2.0,2.0,0.0,0.0,0.0,0.0,0.0,
steepandcheap.com,empty_groups,1,16,False,True,False,,,False,False,,False,True,live,202.0,https://www.steepandcheap.com/,,,True,https://www.steepandcheap.com/,0.0,0.0,1.0,0.0,0.0,0.0,0.0,
angelsdateone.ru,empty_groups,1,15,False,True,False,,,False,False,,False,False,dead,,,,"dns: [Errno 8] nodename nor servname provided, or not known",False,,,,,,,,,
webconsultas.com,empty_groups,2,14,False,True,False,,,True,False,,False,True,live,200.0,https://webconsultas.com/,Webconsultas – Sitio Cerrado,,True,https://webconsultas.com/,0.0,0.0,0.0,0.0,0.0,0.0,0.0,
pcfinancial.ca,empty_groups,1,13,False,True,False,,,False,False,,False,True,dead,,,,http: ReadTimeout,True,https://www.pcfinancial.ca/en/,8.0,4.0,1.0,0.0,0.0,1.0,1.0,
defense.gov,api_network_error,4,11,False,True,True,,,True,False,,False,True,http_error,403.0,https://defense.gov/,Access Denied,,True,https://www.war.gov/,2.0,5.0,0.0,0.0,0.0,0.0,1.0,
imaginepay.com,api_network_error,2,11,False,True,False,,,True,False,,False,True,live,200.0,https://imaginepay.com/,Home,,True,https://imaginepay.com/,0.0,0.0,0.0,0.0,0.0,0.0,0.0,
tkconstructors.com,empty_groups,1,11,False,True,False,,,False,False,,False,True,live,200.0,https://tkconstructors.com/,TK Constructors,,True,https://tkconstructors.com/,13.0,12.0,0.0,0.0,0.0,1.0,1.0,
booksrelease.com,empty_groups,2,10,False,True,False,,,True,False,,False,True,dead,,,,http: ReadTimeout,False,,,,,,,,,
findfocusgroups.com,empty_groups,2,9,False,True,False,,,True,False,,False,True,live,200.0,https://www.findfocusgroups.com/,Paid Focus Groups Near You & Online | FindFocusGroups.com,,True,https://www.findfocusgroups.com/,2.0,1.0,0.0,0.0,0.0,0.0,0.0,
hitpredictor.com,empty_groups,1,8,False,True,False,,,False,False,,False,True,dead,,,,http: ConnectTimeout,False,,,,,,,,,
mobiletime.net,api_network_error,1,8,False,True,False,,,False,False,,False,False,dead,,,,"dns: [Errno 8] nodename nor servname provided, or not known",False,,,,,,,,,
nm.com,empty_groups,1,8,False,True,False,,,False,False,,False,True,redirect,200.0,https://www.northwesternmutual.com,,,True,https://www.northwesternmutual.com/,1.0,0.0,0.0,0.0,0.0,0.0,0.0,
opendoorsusa.org,empty_groups,1,8,False,True,False,,,False,False,,False,True,redirect,200.0,https://www.opendoorsus.org/en-US/,Open Doors US · Serving Persecuted Christians Worldwide,,True,https://www.opendoorsus.org/en-US/,8.0,17.0,0.0,0.0,0.0,1.0,1.0,
pressidium.com,empty_groups,1,8,False,True,True,,TechIO Ltd,False,False,,False,True,live,200.0,https://pressidium.com/,Pressidium® EDGE | Next-Gen Managed WordPress Hosting,,False,,,,,,,,,
codementor.io,empty_groups,1,6,False,True,False,,,False,False,,False,True,live,200.0,https://www.codementor.io/,"Codementor | Get live 1:1 coding help, hire a developer, & more",,True,https://www.codementor.io/,1.0,0.0,1.0,0.0,0.0,0.0,0.0,
froghollow.com,empty_groups,1,6,False,True,False,,,False,False,,False,True,http_error,409.0,http://froghollow.com/,DNS resolution error | froghollow.com | Cloudflare,https: SSLError,True,https://froghollow.com/,0.0,0.0,0.0,0.0,0.0,0.0,0.0,
il.gov,empty_groups,2,6,False,True,False,,,True,False,,False,True,http_error,401.0,http://il.gov/,401 - Unauthorized: Access is denied due to invalid credentials.,https: ConnectionError,False,,,,,,,,,
contactscart.com,empty_groups,2,5,False,True,False,,,True,False,,False,True,live,200.0,https://www.contactscart.com/,ContactsCart | Your Favorite Contact Lenses at Amazingly Low Prices,,True,https://www.contactscart.com/,9.0,8.0,1.0,1.0,0.0,1.0,1.0,
massagetherapy.com,api_network_error,2,5,False,True,False,,,True,False,,False,True,live,200.0,https://www.massagetherapy.com/,Massage Therapy Information | Powered by Associated Bodywork & Massage Professionals,,True,https://www.massagetherapy.com/,3.0,8.0,0.0,0.0,0.0,0.0,0.0,
rpggeek.com,empty_groups,1,5,False,True,False,,,False,False,,False,True,live,200.0,https://rpggeek.com/,RPGGeek,,True,https://rpggeek.com/,5.0,1.0,0.0,0.0,0.0,0.0,1.0,
sweepswinner.com,empty_groups,3,5,False,True,False,,,True,False,,False,False,dead,,,,"dns: [Errno 8] nodename nor servname provided, or not known",False,,,,,,,,,
allthingsstone.com,empty_groups,1,4,False,True,False,,,False,False,,False,True,live,200.0,https://www.allthingsstone.com/,CSI - All Things Stone | Your Home for All Things Stone & More!,,True,https://www.allthingsstone.com/,5.0,7.0,0.0,0.0,0.0,0.0,0.0,
developmentencyclopaedia.com,empty_groups,1,4,False,True,False,,,False,False,,False,False,dead,,,,"dns: [Errno 8] nodename nor servname provided, or not known",False,,,,,,,,,
greatparks.org,empty_groups,1,4,False,True,False,,,False,False,,False,True,live,200.0,https://www.greatparks.org/,Great Parks,,True,https://www.greatparks.org/,10.0,18.0,0.0,0.0,0.0,1.0,1.0,
insboys.com,empty_groups,1,4,False,True,False,,,False,False,,False,True,live,200.0,http://insboys.com/,人生就是搏·(中国)集团,https: ConnectionError,False,,,,,,,,,
justcreative.com,empty_groups,2,4,False,True,False,,,True,False,,False,True,live,200.0,https://justcreative.com/,Brand Designer & Strategist - Branding Agency JUST™ Creative,,True,https://justcreative.com/,7.0,1.0,0.0,1.0,0.0,0.0,1.0,
linkcdn.to,empty_groups,1,4,False,True,False,,,False,False,,False,False,dead,,,,"dns: [Errno 8] nodename nor servname provided, or not known",False,,,,,,,,,
outlawkitchens.com,empty_groups,1,4,False,True,False,,,False,False,,False,True,live,200.0,https://www.outlawkitchens.com/,,,True,https://www.outlawkitchens.com/,0.0,0.0,0.0,0.0,0.0,0.0,0.0,
researchamericainc.com,empty_groups,1,4,False,True,False,,,False,False,,False,True,live,200.0,https://researchamericainc.com/,Market Research Company | Consumer Insights | Research America,,True,https://researchamericainc.com/,1.0,6.0,0.0,0.0,0.0,0.0,0.0,
thisdayinaviation.com,empty_groups,2,4,False,True,False,,,True,False,,False,True,live,200.0,https://www.thisdayinaviation.com//,This Day in Aviation | Important Dates in Aviation History,,True,https://www.thisdayinaviation.com//,1.0,0.0,0.0,0.0,0.0,0.0,0.0,
antitpd.com,empty_groups,1,3,False,True,False,,,False,False,,False,True,http_error,404.0,https://antitpd.com/,,,True,https://antitpd.com/,0.0,0.0,0.0,0.0,0.0,0.0,0.0,
equityapartments.com,empty_groups,1,3,False,True,False,,,False,False,,False,True,live,200.0,https://equityapartments.com/,Home | EquityApartments.com,,True,https://equityapartments.com/,4.0,1.0,0.0,0.0,0.0,0.0,1.0,
fybelle.com,empty_groups,1,3,False,True,False,,,False,False,,False,True,live,200.0,https://fybelle.com/,,,True,https://fybelle.com/cgi-sys/defaultwebpage.cgi,0.0,0.0,0.0,0.0,0.0,0.0,0.0,
gotodobbs.com,empty_groups,1,3,False,True,False,,,False,False,,False,True,live,200.0,https://www.gotodobbs.com/,Dobbs Tire & Auto Centers - Car Repair and Auto Shop,,True,https://www.gotodobbs.com/,9.0,5.0,0.0,1.0,0.0,1.0,1.0,
macaronigrill.com,empty_groups,1,3,False,True,False,,,False,False,,False,True,live,200.0,https://www.macaronigrill.com/,Romano's Macaroni Grill Italian Restaurant,,True,https://www.macaronigrill.com/,12.0,16.0,0.0,0.0,0.0,1.0,1.0,
nordicneedle.net,empty_groups,1,3,False,True,False,,,False,False,,False,True,live,200.0,https://nordicneedle.net/,PGBET : Nyalakan Rentetan Kemenangan Dengan Bet Pemicu Jackpot Gacor,,True,https://nordicneedle.net/,1.0,0.0,0.0,0.0,0.0,0.0,0.0,
pomopizzeria.com,empty_groups,1,3,False,True,False,,,False,False,,False,True,live,200.0,https://pomopizzeria.com/,POMO Pizzeria: Authentic Italian Pizza Experience in Arizona,,False,,,,,,,,,
pridewaves.com,empty_groups,1,3,False,True,False,,,False,False,,False,False,dead,,,,"dns: [Errno 8] nodename nor servname provided, or not known",False,,,,,,,,,
riverfoodpantry.org,empty_groups,1,3,False,True,False,,,False,False,,False,True,live,200.0,https://www.riverfoodpantry.org/,"The River Food Pantry – Dane County, WI",,True,https://www.riverfoodpantry.org/,6.0,0.0,0.0,0.0,0.0,1.0,1.0,
spreadthefaithstore.com,empty_groups,1,3,False,True,False,,,False,False,,False,False,dead,,,,"dns: [Errno 8] nodename nor servname provided, or not known",False,,,,,,,,,
surgentcpe.com,empty_groups,1,3,False,True,False,,,False,False,,False,True,live,200.0,https://www.surgentcpe.com/,CPE Courses for CPAs & Tax Professionals | Surgent CPE,,True,https://www.surgentcpe.com/,13.0,22.0,0.0,1.0,1.0,0.0,1.0,
transfermarkt.com,empty_groups,1,3,False,True,False,,,False,False,,False,True,live,200.0,https://www.transfermarkt.com/,"Football transfers, rumours, market values and news | Transfermarkt",,True,https://www.transfermarkt.com/,0.0,0.0,0.0,0.0,0.0,0.0,0.0,
camscape.com,empty_groups,1,2,False,True,False,,,False,False,,False,True,live,200.0,https://www.camscape.com/,Live Webcams on Camscape – Free Streaming Cams Worldwide,,True,https://www.camscape.com/,20.0,17.0,0.0,0.0,0.0,0.0,1.0,
cartermario.com,empty_groups,1,2,False,True,False,,,False,False,,False,True,live,200.0,https://www.cartermario.com/,CT Car Accident & Injury Lawyers | 30+ Years Experience,,True,https://www.cartermario.com/,4.0,1.0,0.0,0.0,0.0,1.0,1.0,
dakine.com,api_network_error,1,2,False,True,False,,,False,False,,False,True,live,200.0,https://www.dakine.com/,"Dakine | Backpacks, Luggage, Surf, Snow, & Bike Gear Since 1979",,False,,,,,,,,,
digitach.net,empty_groups,1,2,False,True,False,,,False,False,,False,True,live,200.0,https://digitach.net/,球队海报 - 2026 赛季赛事数据与前瞻,,True,https://digitach.net/,0.0,1.0,0.0,0.0,0.0,0.0,0.0,
entitlementopposition.com,empty_groups,1,2,False,True,False,,,False,False,,False,False,dead,,,,"dns: [Errno 8] nodename nor servname provided, or not known",False,,,,,,,,,
flxfy-host01.com,empty_groups,1,2,False,True,False,,,False,False,,False,True,network_filtered,200.0,http://wired.meraki.com/,Cisco Meraki,https: ConnectionError,True,https://flxfy-host01.com/,0.0,0.0,0.0,0.0,0.0,0.0,0.0,
fontsgeek.com,empty_groups,1,2,False,True,False,,,False,False,,False,True,live,200.0,https://fontsgeek.com/,Fontsgeek : Download Thousands Of Cool Free Fonts For Windows And Mac.,,False,,,,,,,,,
foreverstampshop.com,empty_groups,1,2,False,True,False,,,False,False,,False,True,live,200.0,https://foreverstampshop.com/,USPSFASTSTAMPS,,True,https://foreverstampshop.com/,0.0,0.0,0.0,0.0,0.0,0.0,0.0,
ganbino.com,empty_groups,1,2,False,True,False,,,False,False,,False,True,live,200.0,https://ganbino.com/,Loading...,,True,http://ww547.ganbino.com/,1.0,0.0,0.0,0.0,0.0,0.0,0.0,
hellotds.com,empty_groups,1,2,False,True,False,,,False,False,,False,True,live,200.0,https://hellotds.com/,"Home and Business Internet, TV and Phone Service | Up to 2Gig - TDS",,True,https://hellotds.com/,9.0,6.0,0.0,0.0,0.0,1.0,1.0,
highvoltagedetox.com,empty_groups,1,2,False,True,False,,,False,False,,False,True,live,200.0,https://www.highvoltagedetox.com/,"High Voltage Detox Home - Offering Fast, Safe, Effective Detox Products",,True,https://www.highvoltagedetox.com/,5.0,6.0,1.0,0.0,1.0,0.0,0.0,
hpinstantink.com,empty_groups,1,2,False,True,False,,,False,False,,False,True,redirect,200.0,https://instantink.hpconnected.com/us/en/l/v2?jumpid=va_65bsqvipye,,,True,https://instantink.hpconnected.com/us/en/l/v2?jumpid=va_65bsqvipye,1.0,1.0,1.0,0.0,0.0,0.0,0.0,
intuit.me,empty_groups,1,2,False,True,False,,,False,False,,False,True,redirect,200.0,https://bitly.com/pages/landing/branded-short-domains-powered-by-bitly?bsd=intuit.me,Custom Domain by Bitly,,True,https://bitly.com/pages/landing/branded-short-domains-powered-by-bitly?bsd=intuit.me,3.0,1.0,0.0,0.0,0.0,0.0,0.0,
legionfarm.com,empty_groups,1,2,False,True,False,,,False,False,,False,True,redirect,200.0,https://lfcarry.com/,"LFCarry | Pro Boosts & Carries — Destiny 2, WoW Midnight, COD & More",,True,https://lfcarry.com/,7.0,2.0,1.0,0.0,0.0,1.0,1.0,
lendtra.com,empty_groups,1,2,False,True,False,,,False,False,,False,True,redirect,200.0,https://domains.atom.com/lpd/name/lendtra.com,Lendtra.com — Premium Domain For Sale | Atom,,True,https://domains.atom.com/lpd/name/lendtra.com,12.0,30.0,0.0,0.0,0.0,0.0,1.0,
mountzionfinancing.com,empty_groups,1,2,False,True,False,,,False,False,,False,False,dead,,,,"dns: [Errno 8] nodename nor servname provided, or not known",False,,,,,,,,,
mycreditcard.mobi,empty_groups,1,2,False,True,False,,,False,False,,False,False,dead,,,,"dns: [Errno 8] nodename nor servname provided, or not known",False,,,,,,,,,
mytupperware.com,empty_groups,1,2,False,True,False,,,False,False,,False,True,dead,,,,http: ConnectionError,False,,,,,,,,,
numberle.org,empty_groups,1,2,False,True,False,,,False,False,,False,True,live,200.0,https://numberle.org/,Numberle - Daily Math Game & Number Puzzles,,True,https://numberle.org/,44.0,27.0,1.0,0.0,0.0,0.0,1.0,
outdoorelement.com,empty_groups,1,2,False,True,False,,,False,False,,False,True,live,200.0,https://outdoorelement.com/,OUTDOOR ELEMENT | Outdoor Adventure & Survival Gear – Outdoor Element,,True,https://outdoorelement.com/,0.0,0.0,0.0,0.0,0.0,0.0,0.0,
poprtb.com,empty_groups,1,2,False,True,True,,,False,False,,False,True,live,200.0,https://www.poprtb.com/,PopRTB - Redefining online advertising,,False,,,,,,,,,
pyyodebts.com,empty_groups,1,2,False,True,False,,,False,False,,False,False,dead,,,,"dns: [Errno 8] nodename nor servname provided, or not known",False,,,,,,,,,
seedsman.com,empty_groups,1,2,False,True,False,,,False,False,,False,True,live,200.0,https://www.seedsman.com/us-en/,Seedsman Cannabis Seeds | Buy Online with Delivery Across the USA,,True,https://www.seedsman.com/us-en/,4.0,7.0,0.0,1.0,0.0,0.0,1.0,
sendmesamples.com,empty_groups,1,2,False,True,False,,,False,False,,False,False,dead,,,,"dns: [Errno 8] nodename nor servname provided, or not known",False,,,,,,,,,
starmotorcars.com,empty_groups,1,2,False,True,False,,,False,False,,False,True,dead,,,,http: ConnectTimeout,False,,,,,,,,,
townhallburgerandbeer.com,empty_groups,1,2,False,True,False,,,False,False,,False,True,dead,,,,http: ConnectTimeout,False,,,,,,,,,
treatstream.com,empty_groups,1,2,False,True,False,,,False,False,,False,True,live,200.0,https://treatstream.com/,TreatStream,,True,https://treatstream.com/,1.0,0.0,0.0,0.0,0.0,0.0,0.0,
vertiv.com,empty_groups,1,2,False,True,False,,,False,False,,False,True,live,200.0,https://www.vertiv.com/en-us/,Vertiv | A global leader in critical digital infrastructure,,True,https://www.vertiv.com/en-us/,9.0,16.0,0.0,0.0,0.0,0.0,0.0,
videochums.com,empty_groups,1,2,False,True,False,,,False,False,,False,True,live,200.0,https://videochums.com/,Video Chums · Hang out and play games,,True,https://videochums.com/,23.0,45.0,0.0,0.0,0.0,0.0,0.0,
yrrut.com,empty_groups,1,2,False,True,False,,,False,False,,False,False,dead,,,,"dns: [Errno 8] nodename nor servname provided, or not known",False,,,,,,,,,
zeteo316.com,empty_groups,1,2,False,True,False,,,False,False,,False,True,live,200.0,https://zeteo316.com/,Zeteo 3:16 - Serve-Inform-Support,,True,https://zeteo316.com/,4.0,1.0,0.0,0.0,0.0,0.0,0.0,
billybeezus.co,empty_groups,1,1,False,True,False,,,False,False,,False,False,dead,,,,"dns: [Errno 8] nodename nor servname provided, or not known",False,,,,,,,,,
howoldamicalc.com,empty_groups,1,1,False,True,False,,,False,False,,False,True,dead,,,,http: ReadTimeout,True,https://howoldamicalc.com/,0.0,0.0,0.0,0.0,0.0,0.0,0.0,
letstravelfamily.com,empty_groups,1,1,False,True,False,,,False,False,,False,True,live,200.0,https://www.letstravelfamily.com/,Family Travel Blog - Let's Travel Family,,True,https://www.letstravelfamily.com/,39.0,66.0,0.0,0.0,0.0,0.0,0.0,
officesepot.co,empty_groups,1,1,False,True,False,,,False,False,,False,False,dead,,,,"dns: [Errno 8] nodename nor servname provided, or not known",False,,,,,,,,,
posnet.us,empty_groups,1,1,False,True,False,,,False,False,,False,True,live,200.0,https://posnet.us/,Posnet - Home,,True,https://posnet.us/,1.0,0.0,0.0,0.0,0.0,0.0,0.0,
protonpuredirect.com,empty_groups,1,1,False,True,False,,,False,False,,False,False,dead,,,,"dns: [Errno 8] nodename nor servname provided, or not known",False,,,,,,,,,
