caseid,w_rake,w_trim
47541,0.9717185605641471,0.9754666080101793
56565,0.8467872376781729,0.8500534084320481
203271,0.9777782848802083,0.981549705487121
216457,0.9797300688759462,0.9835090177727539
257495,0.5089098970834722,0.5108728300945663
283951,0.912327088842468,0.9158460555001563
294487,0.9143989886217189,0.9179259468718199
296069,0.9942634740922193,0.9980984802616917
345485,0.9942634740922193,0.9980984802616917
359503,0.9041325938222218,0.9076199532251157
368901,0.8664336104294011,0.8697755598502716
438245,0.9433278645533911,0.9469664053171465
487819,0.9763230863490857,0.9800888940621425
509295,1.0139985476701974,1.0179096746375254
576397,1.0024608579954177,1.0063274825624895
596481,1.1447821904703983,1.1491977673044609
629125,0.9717185605641471,0.9754666080101793
645543,0.47889040518331305,0.5013979614779249
716485,0.9219379154210492,0.9254939523123152
729591,0.9143989886217189,0.9179259468718199
865545,0.9942634740922193,0.9980984802616917
882005,0.44348067791172846,0.5013979614779249
948977,0.9356140265609608,0.9392228140278666
1087061,0.9922827371546403,0.9961101033588785
1106525,0.9717185605641471,0.9754666080101793
1126443,0.9356140265609608,0.9392228140278666
1149777,0.912327088842468,0.9158460555001563
1279017,0.9777782848802083,0.981549705487121
1291451,0.9717185605641471,0.9754666080101793
1356687,1.1447821904703983,1.1491977673044609
1462401,0.8742864253312759,0.8776586641013793
1473089,0.9290915205672194,0.9326751498628979
1511441,0.9143989886217189,0.9179259468718199
1580341,0.9717185605641471,0.9754666080101793
1585201,0.8096406451211275,0.8127635365377414
1588369,0.8664336104294011,0.8697755598502716
1629501,0.9942634740922193,0.9980984802616917
1685951,0.9942634740922193,0.9980984802616917
1736803,1.0354574824307798,1.0394513793573203
1809723,0.9942634740922193,0.9980984802616917
1827351,0.9356140265609608,0.9392228140278666
1924249,0.4575110931561064,0.5013979614779249
1988109,1.0549288403020498,1.0589978408399672
2019721,0.8537687272455282,0.8570618265311866
2046153,1.0375244022772587,1.0415262715879507
2053065,0.8448685366377626,0.8481273067070919
2079493,0.9717185605641471,0.9754666080101793
2084559,1.169835405848432,1.1743476162590498
2091803,0.9942634740922193,0.9980984802616917
2109537,0.9717185605641471,0.9754666080101793
2146835,0.8664336104294011,0.8697755598502716
2167149,0.9942634740922193,0.9980984802616917
2171195,0.9763230863490857,0.9800888940621425
2210037,1.1470673379240877,1.1514917288751438
2239413,0.9942634740922193,0.9980984802616917
2253253,1.0354574824307798,1.0394513793573203
2260987,0.9041325938222218,0.9076199532251157
2272655,0.9922827371546403,0.9961101033588785
2282919,1.0375244022772587,1.0415262715879507
2288993,0.8664336104294011,0.8697755598502716
2310101,0.87357707804779,0.8769465807712826
2314047,0.9356140265609608,0.9392228140278666
2316473,0.8644703934655561,0.867804770498056
2316839,1.0139985476701974,1.0179096746375254
2329325,0.9219379154210492,0.9254939523123152
2330841,0.8537687272455282,0.8570618265311866
2352659,0.9922827371546403,0.9961101033588785
2376943,1.0004637905161755,1.0043227121289466
2378833,0.8664336104294011,0.8697755598502716
2399787,0.9143989886217189,0.9179259468718199
2401499,0.9143989886217189,0.9179259468718199
2403639,0.9143989886217189,0.9179259468718199
2413667,0.5113213862105007,0.5132936206551894
2430305,0.9942634740922193,0.9980984802616917
2435465,0.8664336104294011,0.8697755598502716
2447159,1.0354574824307798,1.0394513793573203
2468045,0.8467872376781729,0.8500534084320481
2481535,0.8467872376781729,0.8500534084320481
2497535,0.9942634740922193,0.9980984802616917
2499367,1.0354574824307798,1.0394513793573203
2505339,0.9433278645533911,0.9469664053171465
2586775,0.9942634740922193,0.9980984802616917
2591365,0.8664336104294011,0.8697755598502716
2598643,0.87357707804779,0.8769465807712826
2650505,0.9697827368152182,0.9735233175321453
2661043,0.9356140265609608,0.9392228140278666
2668063,0.9717185605641471,0.9754666080101793
2696215,0.8467872376781729,0.8500534084320481
2696561,0.9356140265609608,0.9392228140278666
2711471,1.0139985476701974,1.0179096746375254
2738347,1.0004637905161755,1.0043227121289466
2744485,0.9143989886217189,0.9179259468718199
2763809,0.8644703934655561,0.867804770498056
2786281,0.9695167826792411,0.9732563375757707
2843303,1.4966322903527984,1.496228093644778
2873277,1.0139985476701974,1.0179096746375254
2876033,0.9143989886217189,0.9179259468718199
2895795,0.8836313970300484,0.8870396805961764
2909235,0.9717185605641471,0.9754666080101793
2912283,0.8836313970300484,0.8870396805961764
2956723,0.9717185605641471,0.9754666080101793
2984703,0.8537687272455282,0.8570618265311866
3043245,0.9942634740922193,0.9980984802616917
3052135,0.9695167826792411,0.9732563375757707
3054289,0.8836313970300484,0.8870396805961764
3057207,1.0139985476701974,1.0179096746375254
3071093,0.9143989886217189,0.9179259468718199
3072123,0.8467872376781729,0.8500534084320481
3091327,0.9763230863490857,0.9800888940621425
3093309,0.9356140265609608,0.9392228140278666
3093519,0.9942634740922193,0.9980984802616917
3160023,1.465615918146121,1.4712689932460579
3215061,1.1188242666754036,1.1231397203524818
3222795,0.8467872376781729,0.8500534084320481
3269987,0.9763230863490857,0.9800888940621425
3277595,0.9763230863490857,0.9800888940621425
3284893,0.9717185605641471,0.9754666080101793
3341131,1.0139985476701974,1.0179096746375254
3388619,0.9942634740922193,0.9980984802616917
3494217,0.8467872376781729,0.8500534084320481
3496437,0.8467872376781729,0.8500534084320481
3577773,0.9717185605641471,0.9754666080101793
3643747,0.9717185605641471,0.9754666080101793
3670315,1.1210575984352786,1.1253816663693428
3675677,0.9356140265609608,0.9392228140278666
3683549,0.44348067791172846,0.5013979614779249
3683705,0.5422913405217124,0.5443830301902391
3723453,0.8664336104294011,0.8697755598502716
3782415,0.9717185605641471,0.9754666080101793
3802269,0.9717185605641471,0.9754666080101793
3808845,0.9942634740922193,0.9980984802616917
3824293,0.9717185605641471,0.9754666080101793
3849639,0.9041325938222218,0.9076199532251157
3888927,0.9041325938222218,0.9076199532251157
3908785,0.9922827371546403,0.9961101033588785
4001341,0.9433278645533911,0.9469664053171465
4012089,0.9942634740922193,0.9980984802616917
4024501,0.9763230863490857,0.9800888940621425
4072033,0.8664336104294011,0.8697755598502716
4076275,0.9942634740922193,0.9980984802616917
4148567,0.9922827371546403,0.9961101033588785
4164787,0.9334940564831091,0.9370946669440808
4232411,0.9356140265609608,0.9392228140278666
4233925,0.9942634740922193,0.9980984802616917
4436277,0.9433278645533911,0.9469664053171465
4446433,0.8467872376781729,0.8500534084320481
4577171,0.953696647572624,0.9573751821085381
4617051,0.9697827368152182,0.9735233175321453
4653631,0.9942634740922193,0.9980984802616917
4657433,1.4747556307930016,1.4804439589775598
4705375,0.9356140265609608,0.9392228140278666
4715721,0.9356140265609608,0.9392228140278666
4717785,1.4391704954395728,1.4447215670345266
4757927,0.9717185605641471,0.9754666080101793
4771071,1.0004637905161755,1.0043227121289466
4793045,1.0024608579954177,1.0063274825624895
4889903,0.9290915205672194,0.9326751498628979
4924277,1.1188242666754036,1.1231397203524818
4966261,0.8467872376781729,0.8500534084320481
4984757,0.9717185605641471,0.9754666080101793
5082825,0.9763230863490857,0.9800888940621425
5121169,0.44348067791172846,0.5013979614779249
5173911,0.8664336104294011,0.8697755598502716
5204661,0.9717185605641471,0.9754666080101793
5209607,0.9697827368152182,0.9735233175321453
5238483,0.9697827368152182,0.9735233175321453
5246961,0.9942634740922193,0.9980984802616917
5271809,0.8945708087502953,0.8980212870792107
5364183,0.9942634740922193,0.9980984802616917
5396039,0.9433278645533911,0.9469664053171465
5421327,1.0375244022772587,1.0415262715879507
5463461,0.9541849709191724,0.9578653889830403
5493923,1.0139985476701974,1.0179096746375254
5538251,1.0024608579954177,1.0063274825624895
5545165,0.8664336104294011,0.8697755598502716
5562129,0.9922827371546403,0.9961101033588785
5585153,0.5422913405217124,0.5443830301902391
5647591,0.9541849709191724,0.9578653889830403
5654881,1.0375244022772587,1.0415262715879507
5669173,0.4900011765655264,0.5013979614779249
5720917,0.9143989886217189,0.9179259468718199
5731611,0.9942634740922193,0.9980984802616917
5753683,1.154220552982307,1.1586725348331546
5754453,0.9697827368152182,0.9735233175321453
5879589,0.9506474410167501,0.9543142143583143
5898041,1.1470673379240877,1.1514917288751438
5900515,0.992010612597267,0.9958369291809736
5909915,0.9942634740922193,0.9980984802616917
5956121,0.8467872376781729,0.8500534084320481
5978505,0.9290915205672194,0.9326751498628979
6058677,0.8444361581746994,0.847693260502915
6187219,0.9697827368152182,0.9735233175321453
6251069,1.169835405848432,1.1743476162590498
6289175,0.9717185605641471,0.9754666080101793
6342465,1.0194327164867654,1.0233648037643939
6420621,1.169835405848432,1.1743476162590498
6517523,0.8467872376781729,0.8500534084320481
6533753,0.9717185605641471,0.9754666080101793
6546447,0.9942634740922193,0.9980984802616917
6707923,0.9717185605641471,0.9754666080101793
6761451,0.9506474410167501,0.9543142143583143
6902469,0.9697827368152182,0.9735233175321453
7001585,0.9717185605641471,0.9754666080101793
7142187,1.1303003592843215,1.1346600777735982
7207677,1.0354574824307798,1.0394513793573203
7276707,1.169835405848432,1.1743476162590498
7410899,0.9769261446503681,0.9806942784393257
7420739,1.1303003592843215,1.1346600777735982
7566023,0.9143989886217189,0.9179259468718199
7962873,0.8640279833580878,0.8673606539560905
8167881,0.8467872376781729,0.8500534084320481
8228137,0.9797300688759462,0.9835090177727539
8236437,0.8448685366377626,0.8481273067070919
8349245,0.5078960645759742,0.50985508710054
8531583,1.0883036645500956,1.0925013962143506
8534675,1.125793330615341,1.1301356648969083
8538267,0.8640279833580878,0.8673606539560905
8559845,1.169835405848432,1.1743476162590498
8565859,0.9290915205672194,0.9326751498628979
8637337,1.169835405848432,1.1743476162590498
8694477,0.9290915205672194,0.9326751498628979
8736743,1.0375244022772587,1.0415262715879507
8749571,0.5089098970834722,0.5108728300945663
8752945,0.9717185605641471,0.9754666080101793
8771815,0.9584852246964963,0.9621822294098752
8773451,1.1969768428213126,1.2015937413563076
8783205,0.8664336104294011,0.8697755598502716
8799581,1.0078331946194354,1.0117205410018353
8815273,0.9942634740922193,0.9980984802616917
8819339,0.8467872376781729,0.8500534084320481
8820539,1.43843397099829,1.4439822017207289
8834669,1.169835405848432,1.1743476162590498
9045655,1.4725607955620699,1.4782406579758631
9074417,0.9942634740922193,0.9980984802616917
9098949,0.8444361581746994,0.847693260502915
9126985,0.9777782848802083,0.981549705487121
9200625,1.0883036645500956,1.0925013962143506
9218311,1.1675049006457063,1.1720081219884733
9222767,0.9041325938222218,0.9076199532251157
9224579,1.1263697729968118,1.1307143306931449
9224949,0.9356140265609608,0.9392228140278666
9267561,1.1963642658520233,1.200978801596352
9348897,0.8467872376781729,0.8500534084320481
9382705,1.1470673379240877,1.1514917288751438
43901031,1.0078331946194354,1.0117205410018353
44553161,0.9272406169172996,0.9308171070319646
44643107,0.9763230863490857,0.9800888940621425
44709005,1.1008293505690117,1.1050753954665407
45184669,0.8664336104294011,0.8697755598502716
45283241,0.8467872376781729,0.8500534084320481
45410765,1.4747556307930016,1.4804439589775598
46117859,0.9942634740922193,0.9980984802616917
46359515,0.9717185605641471,0.9754666080101793
46367143,0.9777782848802083,0.981549705487121
46788081,0.49404107932972535,0.5013979614779249
47019621,0.9334940564831091,0.9370946669440808
48368483,1.0375244022772587,1.0415262715879507
48471247,0.9915029312179556,0.9953272896072072
48706265,0.9143989886217189,0.9179259468718199
49050251,1.0078331946194354,1.0117205410018353
49079667,0.8664336104294011,0.8697755598502716
49768835,0.8664336104294011,0.8697755598502716
49849143,1.1008293505690117,1.1050753954665407
49856815,0.9541849709191724,0.9578653889830403
50043477,0.8831791808936982,0.8865857202021741
50350019,1.0375244022772587,1.0415262715879507
50467805,0.9041325938222218,0.9076199532251157
50553241,1.0134796135229556,1.0173887388924092
51055265,1.0354574824307798,1.0394513793573203
51062521,1.169835405848432,1.1743476162590498
51072027,1.1303003592843215,1.1346600777735982
51084731,0.9717185605641471,0.9754666080101793
51201655,0.8444361581746994,0.847693260502915
51307001,1.1945922673966065,1.1991999683077286
51376843,0.9367515825867456,0.9403647577582095
51448787,0.9697827368152182,0.9735233175321453
51516201,1.1263697729968118,1.1307143306931449
51543611,1.0636263907198689,1.06772893886401
51691737,0.9219379154210492,0.9254939523123152
51769031,0.9143989886217189,0.9179259468718199
52029527,1.43843397099829,1.4439822017207289
52288223,1.2333863174774857,1.2381436521881746
52381857,1.0134796135229556,1.0173887388924092
52388387,1.0119784952088944,1.0158818305657955
52531907,0.9777782848802083,0.981549705487121
52595215,1.0375244022772587,1.0415262715879507
52610033,1.1303003592843215,1.1346600777735982
52628753,0.9717185605641471,0.9754666080101793
53202379,1.0024608579954177,1.0063274825624895
53206323,1.2054192960603245,1.2100687582578704
53255111,0.9433278645533911,0.9469664053171465
53347267,1.0139985476701974,1.0179096746375254
53374285,0.9717185605641471,0.9754666080101793
53398241,0.8284251770564559,0.831620522905662
53406397,0.9717185605641471,0.9754666080101793
53544891,1.0375244022772587,1.0415262715879507
53741209,1.0078331946194354,1.0117205410018353
54046453,0.9717185605641471,0.9754666080101793
54220201,1.169835405848432,1.1743476162590498
54613509,0.9036698857861541,0.9071554604627462
54739631,0.9717185605641471,0.9754666080101793
54952539,0.9670901639776771,0.9708203590838351
55034703,0.992010612597267,0.9958369291809736
55038547,0.8444361581746994,0.847693260502915
55039671,1.0189110012943574,1.0228410762472515
55101609,0.9433278645533911,0.9469664053171465
55127615,0.9777782848802083,0.981549705487121
55212385,1.5648690280854303,1.496228093644778
55299355,0.9942634740922193,0.9980984802616917
55395081,1.0883036645500956,1.0925013962143506
55661375,1.1303003592843215,1.1346600777735982
55750039,1.2333863174774857,1.2381436521881746
55773869,1.0004637905161755,1.0043227121289466
55891513,0.9041325938222218,0.9076199532251157
55905329,0.8163158729300851,0.8194645115862356
56251535,1.0119784952088944,1.0158818305657955
56384813,1.0369934283008428,1.0409932495744416
56463825,1.0024608579954177,1.0063274825624895
56503305,0.9758234333767919,0.979587313862025
56555303,0.49972717930503724,0.5016546933550105
56851091,0.9942634740922193,0.9980984802616917
57193985,0.953696647572624,0.9573751821085381
57349847,0.9758234333767919,0.979587313862025
57373427,1.125793330615341,1.1301356648969083
57501763,0.9777782848802083,0.981549705487121
57562551,1.501713209043338,1.496228093644778
57666453,1.0375244022772587,1.0415262715879507
58482211,1.1303003592843215,1.1346600777735982
58488909,0.9041325938222218,0.9076199532251157
59377517,0.8664336104294011,0.8697755598502716
59378969,0.9041325938222218,0.9076199532251157
59552749,1.0425508300979234,1.0465720870077828
59975195,0.9290915205672194,0.9326751498628979
59978715,0.9942634740922193,0.9980984802616917
59996281,0.9717185605641471,0.9754666080101793
60143155,0.9763230863490857,0.9800888940621425
60363059,0.9942634740922193,0.9980984802616917
60365431,0.87357707804779,0.8769465807712826
60381567,1.1470673379240877,1.1514917288751438
60737521,0.9290915205672194,0.9326751498628979
60924729,0.9541849709191724,0.9578653889830403
61085329,0.8814946368934461,0.8848946786921552
61135797,0.9541849709191724,0.9578653889830403
61734017,1.0369934283008428,1.0409932495744416
61982915,0.953696647572624,0.9573751821085381
62343525,0.9334940564831091,0.9370946669440808
62584701,1.2333863174774857,1.2381436521881746
62680587,0.953696647572624,0.9573751821085381
62710355,1.0354574824307798,1.0394513793573203
63267117,1.0078331946194354,1.0117205410018353
63306921,0.9942634740922193,0.9980984802616917
63970529,1.0883036645500956,1.0925013962143506
64020865,0.9367515825867456,0.9403647577582095
64647997,0.9367515825867456,0.9403647577582095
65199733,0.520717152896993,0.522725628060715
65211183,0.9290915205672194,0.9326751498628979
65473789,1.422939891372967,1.428428359374053
65829951,0.9036698857861541,0.9071554604627462
66744613,1.1303003592843215,1.1346600777735982
67106331,0.9367515825867456,0.9403647577582095
67127367,0.8467872376781729,0.8500534084320481
67127927,0.967585345235249,0.9713174503212336
67483671,0.9900343637316066,0.9938530576611678
67495771,0.9758234333767919,0.979587313862025
67522907,0.8742864253312759,0.8776586641013793
67554343,0.8163158729300851,0.8194645115862356
67753357,1.0883036645500956,1.0925013962143506
68041429,1.0004637905161755,1.0043227121289466
68422217,1.8602820749550733,1.496228093644778
68445177,0.9541849709191724,0.9578653889830403
68530829,1.4391704954395728,1.4447215670345266
68554135,1.0794043216277056,1.0835677273452664
69742575,0.9695167826792411,0.9732563375757707
70406471,1.0354574824307798,1.0394513793573203
70603697,0.9541849709191724,0.9578653889830403
71032563,0.9915029312179556,0.9953272896072072
71108015,0.9367515825867456,0.9403647577582095
71502609,1.0349275662421586,1.038919419211634
71581833,0.8444361581746994,0.847693260502915
71744923,0.9118601871087915,0.9153773528645298
71787827,1.0189110012943574,1.0228410762472515
71792247,0.9695167826792411,0.9732563375757707
71792675,0.9367515825867456,0.9403647577582095
71965565,1.1692367190553001,1.1737466202515046
72152779,0.5310528351316441,0.5331011763934059
72278007,0.9942634740922193,0.9980984802616917
72345761,0.9717185605641471,0.9754666080101793
73398061,0.8640279833580878,0.8673606539560905
74252827,0.8945708087502953,0.8980212870792107
74622479,1.0430846496427386,1.0471079655654263
74897183,1.2054192960603245,1.2100687582578704
75085271,0.5120835049604805,0.5140586789983296
75131587,1.0024608579954177,1.0063274825624895
75436997,1.0375244022772587,1.0415262715879507
75827331,1.1945922673966065,1.1991999683077286
75839361,0.87357707804779,0.8769465807712826
76001643,0.9942634740922193,0.9980984802616917
76297175,0.912327088842468,0.9158460555001563
77034419,1.0636263907198689,1.06772893886401
78277455,1.0024608579954177,1.0063274825624895
78770073,1.0024608579954177,1.0063274825624895
78914307,0.8644703934655561,0.867804770498056
78970099,0.9036698857861541,0.9071554604627462
79131065,0.9697827368152182,0.9735233175321453
79190829,0.953696647572624,0.9573751821085381
79502605,1.4718071829632562,1.477484138593243
79516785,1.1263697729968118,1.1307143306931449
79706153,1.0636263907198689,1.06772893886401
79926953,1.0375244022772587,1.0415262715879507
80065501,1.011460594864124,1.0153619326106642
80117123,0.9036698857861541,0.9071554604627462
80237513,0.9900343637316066,0.9938530576611678
80388975,0.8640279833580878,0.8673606539560905
80623593,1.1303003592843215,1.1346600777735982
80808769,0.9849805878250831,0.9887797886702804
80976967,0.9541849709191724,0.9578653889830403
80984115,1.3905331638402347,1.3958966347924915
81230601,0.49404107932972535,0.5013979614779249
81231747,1.0134796135229556,1.0173887388924092
81234137,0.46277675612289726,0.5013979614779249
81319987,0.47327134340818894,0.5013979614779249
81355793,0.9717185605641471,0.9754666080101793
82054167,0.9690206129697176,0.9727582540738303
82155209,0.9763230863490857,0.9800888940621425
82175211,0.9219379154210492,0.9254939523123152
82198187,0.9356140265609608,0.9392228140278666
82485793,1.0024608579954177,1.0063274825624895
82496445,1.0375244022772587,1.0415262715879507
82534969,1.1945922673966065,1.1991999683077286
82578073,1.0369934283008428,1.0409932495744416
82663501,0.9506474410167501,0.9543142143583143
82698685,0.8448685366377626,0.8481273067070919
82754031,0.9717185605641471,0.9754666080101793
82853783,0.9487535944156203,0.9524130629395093
82878039,1.0189110012943574,1.0228410762472515
83172605,1.0375244022772587,1.0415262715879507
83480511,0.9697827368152182,0.9735233175321453
83800837,0.9036698857861541,0.9071554604627462
83857693,0.9219379154210492,0.9254939523123152
83984731,1.0024608579954177,1.0063274825624895
84585575,1.1002659790123095,1.1045098509109785
84782569,0.953696647572624,0.9573751821085381
84913263,0.9670901639776771,0.9708203590838351
85126901,1.3629800058450616,1.3682372006103183
85140081,1.0189110012943574,1.0228410762472515
85596483,0.9777782848802083,0.981549705487121
85669295,0.9758234333767919,0.979587313862025
85675727,0.9433278645533911,0.9469664053171465
85759253,1.0425508300979234,1.0465720870077828
85862521,1.3832616401443172,1.388597063864666
85923089,1.317591865870197,1.322673992556056
86645135,1.0375244022772587,1.0415262715879507
86699163,0.9942634740922193,0.9980984802616917
86856545,1.0024608579954177,1.0063274825624895
87564317,0.9717185605641471,0.9754666080101793
87590911,0.9717185605641471,0.9754666080101793
87822007,0.9763230863490857,0.9800888940621425
87972675,1.8602820749550733,1.496228093644778
87989253,0.9758234333767919,0.979587313862025
88094831,1.011460594864124,1.0153619326106642
88184655,1.0375244022772587,1.0415262715879507
88203825,1.1525403467106285,1.1569858477829038
88524365,1.1969768428213126,1.2015937413563076
88728341,1.3532664619438657,1.3584861902811993
89953159,1.1303003592843215,1.1346600777735982
90212583,0.9849805878250831,0.9887797886702804
90303595,1.0024608579954177,1.0063274825624895
90686447,0.8814946368934461,0.8848946786921552
91579091,1.4718071829632562,1.477484138593243
91581341,0.8814946368934461,0.8848946786921552
92034465,0.9797300688759462,0.9835090177727539
92660435,0.9758234333767919,0.979587313862025
92740481,1.2333863174774857,1.2381436521881746
92919305,0.9900343637316066,0.9938530576611678
92953651,0.9584852246964963,0.9621822294098752
92995949,1.125793330615341,1.1301356648969083
93096729,1.1963642658520233,1.200978801596352
93227001,0.9777782848802083,0.981549705487121
93815793,1.0139985476701974,1.0179096746375254
200661421,0.8836313970300484,0.8870396805961764
200686597,0.4994714338720271,0.5013979614779249
200953869,0.9541849709191724,0.9578653889830403
201302005,0.8448685366377626,0.8481273067070919
201590505,1.4227950256683084,1.4282829349031463
201631749,1.125793330615341,1.1301356648969083
202180733,0.8644703934655561,0.867804770498056
202293781,0.9797300688759462,0.9835090177727539
202467369,0.9219379154210492,0.9254939523123152
202568909,0.5297236546942631,0.5317668691306807
202575221,0.8836313970300484,0.8870396805961764
202579925,0.9041325938222218,0.9076199532251157
203109813,0.953696647572624,0.9573751821085381
203250525,1.0139985476701974,1.0179096746375254
203253337,1.2054192960603245,1.2100687582578704
203359885,0.8537687272455282,0.8570618265311866
203430477,0.9143989886217189,0.9179259468718199
203457165,0.8836313970300484,0.8870396805961764
204288513,1.0369934283008428,1.0409932495744416
204450829,1.179280519749127,1.1838291612175325
204557249,0.9717185605641471,0.9754666080101793
204625113,0.9717185605641471,0.9754666080101793
205160605,0.9777782848802083,0.981549705487121
205323077,0.9041325938222218,0.9076199532251157
205620321,0.9942634740922193,0.9980984802616917
205649397,0.9717185605641471,0.9754666080101793
206482981,0.8836313970300484,0.8870396805961764
206760065,0.5310528351316441,0.5331011763934059
208194341,0.9541849709191724,0.9578653889830403
208262549,2.1347400382121076,1.496228093644778
208352141,0.8836313970300484,0.8870396805961764
208399637,0.9541849709191724,0.9578653889830403
208561057,1.0134796135229556,1.0173887388924092
209200697,1.0024608579954177,1.0063274825624895
209277141,0.9041325938222218,0.9076199532251157
209668689,1.415354794818289,1.4208140060953363
210012397,0.47351367355250307,0.5013979614779249
210158485,0.8537687272455282,0.8570618265311866
210277869,0.8836313970300484,0.8870396805961764
210362181,0.9849805878250831,0.9887797886702804
211091057,1.0134796135229556,1.0173887388924092
211431193,0.9541849709191724,0.9578653889830403
212105717,0.9541849709191724,0.9578653889830403
212617425,0.8444361581746994,0.847693260502915
213028557,0.9143989886217189,0.9179259468718199
213370877,0.8836313970300484,0.8870396805961764
213655221,0.9797300688759462,0.9835090177727539
213819745,1.0139985476701974,1.0179096746375254
214407333,0.9143989886217189,0.9179259468718199
214412653,0.8836313970300484,0.8870396805961764
214518153,0.8836313970300484,0.8870396805961764
215010721,1.0375244022772587,1.0415262715879507
215261525,0.9219379154210492,0.9254939523123152
216048809,0.9219379154210492,0.9254939523123152
216052633,1.0375244022772587,1.0415262715879507
216812081,1.4966322903527984,1.496228093644778
217150353,0.9797300688759462,0.9835090177727539
217191545,0.8836313970300484,0.8870396805961764
217806309,0.9717185605641471,0.9754666080101793
218611053,0.9797300688759462,0.9835090177727539
218746945,1.0134796135229556,1.0173887388924092
219060241,0.9797300688759462,0.9835090177727539
219232573,0.8163158729300851,0.8194645115862356
219256429,0.5196797983871985,0.5216842723369076
219344965,0.8831791808936982,0.8865857202021741
219478189,0.9219379154210492,0.9254939523123152
219478277,1.1008293505690117,1.1050753954665407
219493349,1.2054192960603245,1.2100687582578704
220056537,0.9697827368152182,0.9735233175321453
220086349,0.7412517288435861,0.7441108351341423
220335253,1.5640681748923975,1.496228093644778
220476725,0.8836313970300484,0.8870396805961764
220886017,1.0375244022772587,1.0415262715879507
222701181,0.8467872376781729,0.8500534084320481
223002933,1.508971544248399,1.496228093644778
223864433,0.8537687272455282,0.8570618265311866
223907837,0.9717185605641471,0.9754666080101793
224367081,0.8836313970300484,0.8870396805961764
225137717,1.2333863174774857,1.2381436521881746
225883357,0.8096406451211275,0.8127635365377414
226524537,0.9797300688759462,0.9835090177727539
226587145,1.0139985476701974,1.0179096746375254
226708285,0.8467872376781729,0.8500534084320481
227055517,0.8467872376781729,0.8500534084320481
227173505,0.5110597072089591,0.5130309323230111
227459329,0.9690206129697176,0.9727582540738303
227619185,0.9036698857861541,0.9071554604627462
227982489,0.9942634740922193,0.9980984802616917
228445537,0.9763230863490857,0.9800888940621425
228845729,0.8537687272455282,0.8570618265311866
228847105,0.8467872376781729,0.8500534084320481
229060941,0.9717185605641471,0.9754666080101793
229095257,0.8444361581746994,0.847693260502915
229435573,0.9541849709191724,0.9578653889830403
229813265,0.9348854188290356,0.9384913959592251
230267613,0.8836313970300484,0.8870396805961764
231014749,1.508971544248399,1.496228093644778
231432505,1.169835405848432,1.1743476162590498
232001853,0.9041325938222218,0.9076199532251157
232501693,0.9041325938222218,0.9076199532251157
232776057,0.9942634740922193,0.9980984802616917
232872673,0.9036698857861541,0.9071554604627462
233426857,0.8836313970300484,0.8870396805961764
233644629,1.0024608579954177,1.0063274825624895
233672493,0.9797300688759462,0.9835090177727539
233690901,0.9219379154210492,0.9254939523123152
233892273,1.0369934283008428,1.0409932495744416
234236841,0.8537687272455282,0.8570618265311866
234427865,0.9041325938222218,0.9076199532251157
234553349,0.8664336104294011,0.8697755598502716
234680225,1.154220552982307,1.1586725348331546
235585525,1.1692367190553001,1.1737466202515046
235792569,0.8352552773149481,0.8384769677672821
235818525,0.9797300688759462,0.9835090177727539
236720557,1.0349275662421586,1.038919419211634
236794249,0.9695167826792411,0.9732563375757707
237094905,0.8836313970300484,0.8870396805961764
237139225,1.3906747447166063,1.3960387617650927
237444549,0.8096406451211275,0.8127635365377414
237685013,0.9922827371546403,0.9961101033588785
238181637,0.9041325938222218,0.9076199532251157
238247969,1.3832616401443172,1.388597063864666
239011341,1.0375244022772587,1.0415262715879507
239404709,0.8664336104294011,0.8697755598502716
239501149,1.0024608579954177,1.0063274825624895
239957437,0.8836313970300484,0.8870396805961764
240016889,0.8537687272455282,0.8570618265311866
240143533,0.9849805878250831,0.9887797886702804
240530409,0.8537687272455282,0.8570618265311866
241154313,0.9717185605641471,0.9754666080101793
241847997,0.8836313970300484,0.8870396805961764
242217445,0.8467872376781729,0.8500534084320481
242469141,0.8836313970300484,0.8870396805961764
242543369,0.8836313970300484,0.8870396805961764
242700309,0.8831791808936982,0.8865857202021741
243681037,0.9922827371546403,0.9961101033588785
244112101,0.9797300688759462,0.9835090177727539
244193581,0.9717185605641471,0.9754666080101793
244643369,1.0139985476701974,1.0179096746375254
245320061,1.0004637905161755,1.0043227121289466
246189393,0.9777782848802083,0.981549705487121
247036865,0.9797300688759462,0.9835090177727539
247242881,0.9219379154210492,0.9254939523123152
247328173,0.9356140265609608,0.9392228140278666
247699957,1.011460594864124,1.0153619326106642
247717705,0.8836313970300484,0.8870396805961764
247808073,0.9041325938222218,0.9076199532251157
248521081,0.8467872376781729,0.8500534084320481
248679653,0.9041325938222218,0.9076199532251157
248695417,0.9219379154210492,0.9254939523123152
248725397,0.9758234333767919,0.979587313862025
249731953,0.8537687272455282,0.8570618265311866
249888861,1.43843397099829,1.4439822017207289
250134101,1.528602945932686,1.496228093644778
250408589,0.9758234333767919,0.979587313862025
250660037,1.0139985476701974,1.0179096746375254
250915829,1.0134796135229556,1.0173887388924092
250950981,0.8163158729300851,0.8194645115862356
251187161,0.8836313970300484,0.8870396805961764
251218561,0.9041325938222218,0.9076199532251157
251299085,0.9690206129697176,0.9727582540738303
251399997,1.0794043216277056,1.0835677273452664
251405673,1.0354574824307798,1.0394513793573203
251510489,0.9697827368152182,0.9735233175321453
251770537,1.0024608579954177,1.0063274825624895
251782445,0.9541849709191724,0.9578653889830403
251931829,1.415354794818289,1.4208140060953363
252473301,1.8181001990132077,1.496228093644778
252852933,0.9697827368152182,0.9735233175321453
253016529,0.9219379154210492,0.9254939523123152
253486101,1.3906747447166063,1.3960387617650927
253976005,1.0354574824307798,1.0394513793573203
254170605,0.9717185605641471,0.9754666080101793
254831241,0.9541849709191724,0.9578653889830403
255633653,0.9219379154210492,0.9254939523123152
255742005,0.9763230863490857,0.9800888940621425
255802825,1.1525403467106285,1.1569858477829038
255809053,0.9717185605641471,0.9754666080101793
255988465,1.3016660338491985,1.3066867324874163
256443253,1.0139985476701974,1.0179096746375254
256447493,0.9367515825867456,0.9403647577582095
256497941,0.9356140265609608,0.9392228140278666
256526669,1.169835405848432,1.1743476162590498
256651861,1.1447821904703983,1.1491977673044609
256874513,0.8831791808936982,0.8865857202021741
256961393,0.9717185605641471,0.9754666080101793
257462513,0.9541849709191724,0.9578653889830403
257498549,0.9041325938222218,0.9076199532251157
257518081,0.9777782848802083,0.981549705487121
257540909,1.0134796135229556,1.0173887388924092
257552457,1.3225811595467118,1.3276825306004163
257623377,0.44348067791172846,0.5013979614779249
257729897,0.953696647572624,0.9573751821085381
257952453,1.1692367190553001,1.1737466202515046
258033377,0.8814946368934461,0.8848946786921552
258547253,0.8537687272455282,0.8570618265311866
258555753,1.331866082882451,1.3370032671176748
258632065,1.2333863174774857,1.2381436521881746
258952625,0.9584852246964963,0.9621822294098752
259011181,0.8814946368934461,0.8848946786921552
259130153,1.2054192960603245,1.2100687582578704
259166989,0.9797300688759462,0.9835090177727539
259454865,1.0369934283008428,1.0409932495744416
259911269,1.0375244022772587,1.0415262715879507
259971705,0.8352552773149481,0.8384769677672821
260083285,0.9019462585571153,0.9054251849747404
260191181,0.9695167826792411,0.9732563375757707
260224017,0.9433278645533911,0.9469664053171465
260437161,0.47351367355250307,0.5013979614779249
260510301,1.0139985476701974,1.0179096746375254
262111057,0.992010612597267,0.9958369291809736
262394553,0.8467872376781729,0.8500534084320481
262543201,0.8537687272455282,0.8570618265311866
262845801,0.8831791808936982,0.8865857202021741
262891605,0.9942634740922193,0.9980984802616917
263105157,1.169835405848432,1.1743476162590498
263878181,0.8836313970300484,0.8870396805961764
263900033,0.9922827371546403,0.9961101033588785
264381945,0.9219379154210492,0.9254939523123152
264578605,0.9041325938222218,0.9076199532251157
264650725,1.0139985476701974,1.0179096746375254
264859149,1.1692367190553001,1.1737466202515046
264934085,1.0024608579954177,1.0063274825624895
265427509,0.9763230863490857,0.9800888940621425
265477173,2.0088163498474008,1.496228093644778
265482349,1.415354794818289,1.4208140060953363
265599637,1.0430846496427386,1.0471079655654263
265612081,0.9695167826792411,0.9732563375757707
265673065,1.0375244022772587,1.0415262715879507
265864537,1.4227950256683084,1.4282829349031463
265876421,0.8836313970300484,0.8870396805961764
266327261,1.1939809107817425,1.198586253609267
266449265,0.47889040518331305,0.5013979614779249
266722373,1.0119784952088944,1.0158818305657955
266758841,1.0119784952088944,1.0158818305657955
267018425,0.9041325938222218,0.9076199532251157
267589685,0.9777782848802083,0.981549705487121
267758317,0.9433278645533911,0.9469664053171465
268030937,0.9763230863490857,0.9800888940621425
268210801,1.0004637905161755,1.0043227121289466
268312013,1.0119784952088944,1.0158818305657955
268521457,0.9541849709191724,0.9578653889830403
268663541,0.9219379154210492,0.9254939523123152
268780045,0.9697827368152182,0.9735233175321453
268797125,0.9763230863490857,0.9800888940621425
268931633,0.87357707804779,0.8769465807712826
268980857,0.9697827368152182,0.9735233175321453
269346609,0.8644703934655561,0.867804770498056
269450529,0.8444361581746994,0.847693260502915
269536013,1.5958488756328197,1.496228093644778
269608349,0.9758234333767919,0.979587313862025
269637685,1.0194327164867654,1.0233648037643939
270198125,1.3905331638402347,1.3958966347924915
270231121,0.9717185605641471,0.9754666080101793
270473381,0.9143989886217189,0.9179259468718199
270487473,1.2054192960603245,1.2100687582578704
270671805,1.415354794818289,1.4208140060953363
270957477,0.8537687272455282,0.8570618265311866
271137845,1.3225811595467118,1.3276825306004163
271193797,1.0354574824307798,1.0394513793573203
271231529,0.9036698857861541,0.9071554604627462
271250729,0.9356140265609608,0.9392228140278666
272001989,0.8467872376781729,0.8500534084320481
272306709,0.46277675612289726,0.5013979614779249
272863153,0.9670901639776771,0.9708203590838351
273209849,1.3906747447166063,1.3960387617650927
273434417,0.8836313970300484,0.8870396805961764
273543945,0.9041325938222218,0.9076199532251157
273612405,1.1692367190553001,1.1737466202515046
274127869,1.0004637905161755,1.0043227121289466
274201981,0.9041325938222218,0.9076199532251157
274281733,0.5297236546942631,0.5317668691306807
274516541,1.1565245407448685,1.1609854093822811
274588325,0.8537687272455282,0.8570618265311866
274603965,1.4227950256683084,1.4282829349031463
274669289,0.9036698857861541,0.9071554604627462
274981321,0.9758234333767919,0.979587313862025
275517217,0.5131056961922948,0.5150848129573812
275651753,1.154220552982307,1.1586725348331546
275691029,1.0024608579954177,1.0063274825624895
275958877,0.9290915205672194,0.9326751498628979
276036365,0.8836313970300484,0.8870396805961764
276122977,1.1002659790123095,1.1045098509109785
276177417,0.8836313970300484,0.8870396805961764
276177637,0.9797300688759462,0.9835090177727539
276686141,0.9758234333767919,0.979587313862025
276704117,1.0354574824307798,1.0394513793573203
276849181,1.1447821904703983,1.1491977673044609
277267437,0.87357707804779,0.8769465807712826
277352569,1.0004637905161755,1.0043227121289466
277713641,1.1303003592843215,1.1346600777735982
278036445,0.8537687272455282,0.8570618265311866
278079693,0.4575110931561064,0.5013979614779249
278160253,1.0375244022772587,1.0415262715879507
278170389,1.1963642658520233,1.200978801596352
278207925,1.4776994519867375,1.483399134880318
278330849,0.9717185605641471,0.9754666080101793
278500493,0.8836313970300484,0.8870396805961764
278558941,1.0024608579954177,1.0063274825624895
278587449,0.8836313970300484,0.8870396805961764
278681617,1.2054192960603245,1.2100687582578704
278767453,1.0024608579954177,1.0063274825624895
278817169,0.9763230863490857,0.9800888940621425
278820081,2.1347400382121076,1.496228093644778
278937725,1.0024608579954177,1.0063274825624895
279024221,0.8284251770564559,0.831620522905662
279035065,1.0024608579954177,1.0063274825624895
279035465,0.9758234333767919,0.979587313862025
279325689,1.3320744489449403,1.3372124368757197
279381233,1.3832616401443172,1.388597063864666
279716617,0.47351367355250307,0.5013979614779249
279868049,0.9219379154210492,0.9254939523123152
280121033,0.8836313970300484,0.8870396805961764
280243629,1.6328742823350704,1.496228093644778
280288625,0.87357707804779,0.8769465807712826
280307769,1.1669074065354756,1.1714083232641652
280526813,0.49972717930503724,0.5016546933550105
280588877,1.2333863174774857,1.2381436521881746
280608941,1.0194327164867654,1.0233648037643939
280701001,0.9584852246964963,0.9621822294098752
281147237,1.0134796135229556,1.0173887388924092
281397553,1.6328742823350704,1.496228093644778
281470521,0.8831791808936982,0.8865857202021741
281477021,1.125793330615341,1.1301356648969083
281487169,0.8831791808936982,0.8865857202021741
281550521,1.0134796135229556,1.0173887388924092
281775669,0.49404107932972535,0.5013979614779249
281889137,0.967585345235249,0.9713174503212336
281933793,1.0134796135229556,1.0173887388924092
282040489,1.3532664619438657,1.3584861902811993
282465705,0.9777782848802083,0.981549705487121
282523825,1.0024608579954177,1.0063274825624895
282642433,0.8836313970300484,0.8870396805961764
283239057,0.9367515825867456,0.9403647577582095
283328041,1.1002659790123095,1.1045098509109785
283432969,0.953696647572624,0.9573751821085381
283523233,0.9763230863490857,0.9800888940621425
283807589,0.8836313970300484,0.8870396805961764
284208225,0.967585345235249,0.9713174503212336
284215401,0.9036698857861541,0.9071554604627462
284508609,1.0883036645500956,1.0925013962143506
284670385,2.1347400382121076,1.496228093644778
285625365,0.953696647572624,0.9573751821085381
286102281,1.2054192960603245,1.2100687582578704
286227241,1.0024608579954177,1.0063274825624895
286244473,0.9777782848802083,0.981549705487121
286490833,1.2054192960603245,1.2100687582578704
286591993,1.5119836652533654,1.496228093644778
286877073,1.0375244022772587,1.0415262715879507
287108597,1.1565245407448685,1.1609854093822811
287217329,1.3905331638402347,1.3958966347924915
287285341,0.9433278645533911,0.9469664053171465
287473937,0.8537687272455282,0.8570618265311866
287776541,0.87357707804779,0.8769465807712826
287888969,0.9763230863490857,0.9800888940621425
287963033,0.9143989886217189,0.9179259468718199
288292769,0.8537687272455282,0.8570618265311866
288293957,1.561751550709293,1.496228093644778
288319953,0.6313039956181792,0.6337390189103894
288351365,1.3016660338491985,1.3066867324874163
288954341,0.9777782848802083,0.981549705487121
288958305,1.422939891372967,1.428428359374053
288967217,0.9849805878250831,0.9887797886702804
289059885,0.87357707804779,0.8769465807712826
289143385,1.6328742823350704,1.496228093644778
289245653,0.9433278645533911,0.9469664053171465
289407473,1.0004637905161755,1.0043227121289466
289453645,0.9036698857861541,0.9071554604627462
289456517,1.125793330615341,1.1301356648969083
289474569,1.0425508300979234,1.0465720870077828
289575093,1.0004637905161755,1.0043227121289466
289592077,0.9763230863490857,0.9800888940621425
290100081,1.3832616401443172,1.388597063864666
290267513,1.0354574824307798,1.0394513793573203
290371629,0.4994714338720271,0.5013979614779249
290400241,1.4747556307930016,1.4804439589775598
290858729,0.9219379154210492,0.9254939523123152
290990621,0.87357707804779,0.8769465807712826
291606053,1.0425508300979234,1.0465720870077828
291624553,1.0004637905161755,1.0043227121289466
291634193,0.8444361581746994,0.847693260502915
292051745,0.7244438539042283,0.7272381299905502
292069629,0.9797300688759462,0.9835090177727539
292187605,0.9584852246964963,0.9621822294098752
292286781,1.5640681748923975,1.496228093644778
292539833,0.87357707804779,0.8769465807712826
292750001,1.415354794818289,1.4208140060953363
293084321,0.9433278645533911,0.9469664053171465
294765837,1.1692367190553001,1.1737466202515046
295189309,0.525010299048394,0.5270353334465705
295670949,1.0375244022772587,1.0415262715879507
295867337,1.3906747447166063,1.3960387617650927
296066285,0.8537687272455282,0.8570618265311866
296125949,0.8664336104294011,0.8697755598502716
296344249,1.179280519749127,1.1838291612175325
296716165,0.9717185605641471,0.9754666080101793
296769933,1.3532664619438657,1.3584861902811993
297230125,1.0369934283008428,1.0409932495744416
297934681,1.4747556307930016,1.4804439589775598
299166821,0.9697827368152182,0.9735233175321453
300112505,0.8831791808936982,0.8865857202021741
300768845,1.0430846496427386,1.0471079655654263
300780241,0.9041325938222218,0.9076199532251157
301012253,0.9797300688759462,0.9835090177727539
301021117,1.0134796135229556,1.0173887388924092
301066041,1.0119784952088944,1.0158818305657955
301913121,0.8831791808936982,0.8865857202021741
302119225,0.8664336104294011,0.8697755598502716
302908329,0.9942634740922193,0.9980984802616917
303061793,0.9763230863490857,0.9800888940621425
303959745,0.992010612597267,0.9958369291809736
304134193,0.967585345235249,0.9713174503212336
304207261,0.9769261446503681,0.9806942784393257
304263645,1.1303003592843215,1.1346600777735982
304578821,1.125793330615341,1.1301356648969083
305111797,0.87357707804779,0.8769465807712826
305647821,0.9541849709191724,0.9578653889830403
305749445,1.0369934283008428,1.0409932495744416
306199513,1.0139985476701974,1.0179096746375254
306495561,0.9036698857861541,0.9071554604627462
307475033,1.415354794818289,1.4208140060953363
307540609,0.8836313970300484,0.8870396805961764
307726705,0.5120835049604805,0.5140586789983296
307997169,1.6328742823350704,1.496228093644778
308850965,0.47327134340818894,0.5013979614779249
309331913,0.9041325938222218,0.9076199532251157
309550217,1.0139985476701974,1.0179096746375254
309640825,1.0425508300979234,1.0465720870077828
310205717,0.9717185605641471,0.9754666080101793
310226701,0.9717185605641471,0.9754666080101793
310476525,1.1963642658520233,1.200978801596352
311260905,0.8836313970300484,0.8870396805961764
311268785,0.9763230863490857,0.9800888940621425
311541945,0.9541849709191724,0.9578653889830403
311555489,0.5307810581643386,0.5328283511462697
311613121,1.0119784952088944,1.0158818305657955
311667509,0.9356140265609608,0.9392228140278666
311790677,1.011460594864124,1.0153619326106642
311898809,0.9041325938222218,0.9076199532251157
311903745,0.953696647572624,0.9573751821085381
312075393,0.5430957483887445,0.5451905407651684
312079365,0.8664336104294011,0.8697755598502716
312390969,1.1692367190553001,1.1737466202515046
312518893,0.87357707804779,0.8769465807712826
312834641,1.1303003592843215,1.1346600777735982
312908401,0.9356140265609608,0.9392228140278666
313052497,0.9697827368152182,0.9735233175321453
313090429,1.1303003592843215,1.1346600777735982
313202977,0.9041325938222218,0.9076199532251157
313501701,1.0194327164867654,1.0233648037643939
314089105,0.44713703406401745,0.5013979614779249
314344973,0.9797300688759462,0.9835090177727539
314349969,1.1303003592843215,1.1346600777735982
314420445,1.0024608579954177,1.0063274825624895
314448205,0.9036698857861541,0.9071554604627462
314499593,1.0024608579954177,1.0063274825624895
314789625,0.8163158729300851,0.8194645115862356
314851041,0.8945708087502953,0.8980212870792107
314887113,0.8537687272455282,0.8570618265311866
315737965,0.9219379154210492,0.9254939523123152
316131717,1.0024608579954177,1.0063274825624895
316192257,0.4828387031960007,0.5013979614779249
316463249,1.0375244022772587,1.0415262715879507
316695333,1.0119784952088944,1.0158818305657955
316770149,1.011460594864124,1.0153619326106642
316883917,1.0139985476701974,1.0179096746375254
317046141,0.9219379154210492,0.9254939523123152
317057633,0.8448685366377626,0.8481273067070919
317058429,0.9019462585571153,0.9054251849747404
317084313,1.1303003592843215,1.1346600777735982
317095973,0.9797300688759462,0.9835090177727539
317112137,1.5958488756328197,1.496228093644778
317165557,1.1303003592843215,1.1346600777735982
317420377,0.9690206129697176,0.9727582540738303
317841893,0.87357707804779,0.8769465807712826
318061589,1.0375244022772587,1.0415262715879507
318153393,0.9777782848802083,0.981549705487121
318173861,0.8831791808936982,0.8865857202021741
318701713,0.9219379154210492,0.9254939523123152
318913461,1.0349275662421586,1.038919419211634
319065769,0.9777782848802083,0.981549705487121
319252869,1.3832616401443172,1.388597063864666
319335157,0.44348067791172846,0.5013979614779249
319498785,1.0369934283008428,1.0409932495744416
319892685,1.0189110012943574,1.0228410762472515
319967313,1.3629800058450616,1.3682372006103183
320316041,1.3906747447166063,1.3960387617650927
320340321,0.9433278645533911,0.9469664053171465
320367213,0.46277675612289726,0.5013979614779249
320827593,1.0024608579954177,1.0063274825624895
321203161,1.4391704954395728,1.4447215670345266
321972317,1.6328742823350704,1.496228093644778
322420173,1.4747556307930016,1.4804439589775598
322868633,1.0024608579954177,1.0063274825624895
322938441,0.9763230863490857,0.9800888940621425
323195401,1.1303003592843215,1.1346600777735982
323802833,0.8467872376781729,0.8500534084320481
323962141,1.0354574824307798,1.0394513793573203
324765925,0.8640279833580878,0.8673606539560905
324814917,0.9584852246964963,0.9621822294098752
325268865,0.8831791808936982,0.8865857202021741
325286825,1.415354794818289,1.4208140060953363
325364041,0.5422913405217124,0.5443830301902391
325455117,1.2054192960603245,1.2100687582578704
325539393,1.0375244022772587,1.0415262715879507
325875105,1.4725607955620699,1.4782406579758631
325876133,1.0139985476701974,1.0179096746375254
326086013,1.2054192960603245,1.2100687582578704
326122769,1.0354574824307798,1.0394513793573203
326187009,0.9763230863490857,0.9800888940621425
326335877,1.0024608579954177,1.0063274825624895
326541933,0.9797300688759462,0.9835090177727539
326643189,0.87357707804779,0.8769465807712826
326662469,0.9036698857861541,0.9071554604627462
326826061,1.1303003592843215,1.1346600777735982
327189597,1.5958488756328197,1.496228093644778
327206537,0.953696647572624,0.9573751821085381
327283333,0.9036698857861541,0.9071554604627462
327468241,1.0375244022772587,1.0415262715879507
327495257,0.953696647572624,0.9573751821085381
327997333,0.9219379154210492,0.9254939523123152
328001805,1.331866082882451,1.3370032671176748
328100793,0.9777782848802083,0.981549705487121
328293325,0.9849805878250831,0.9887797886702804
328431717,1.0369934283008428,1.0409932495744416
328508141,0.9690206129697176,0.9727582540738303
328737629,1.415354794818289,1.4208140060953363
328776945,0.9763230863490857,0.9800888940621425
328807841,0.9915029312179556,0.9953272896072072
328855789,0.8836313970300484,0.8870396805961764
328872573,0.9356140265609608,0.9392228140278666
328986297,0.8537687272455282,0.8570618265311866
328996305,0.953696647572624,0.9573751821085381
329194833,0.9849805878250831,0.9887797886702804
329221341,1.0369934283008428,1.0409932495744416
329404177,0.8664336104294011,0.8697755598502716
329420925,0.87357707804779,0.8769465807712826
329430565,1.1303003592843215,1.1346600777735982
329451665,0.9356140265609608,0.9392228140278666
329643833,1.0024608579954177,1.0063274825624895
329648569,1.0139985476701974,1.0179096746375254
329990257,1.3532664619438657,1.3584861902811993
330394441,1.0354574824307798,1.0394513793573203
330404713,0.9849805878250831,0.9887797886702804
330619333,0.8644703934655561,0.867804770498056
330769613,0.9433278645533911,0.9469664053171465
330854285,0.46277675612289726,0.5013979614779249
330881549,0.9942634740922193,0.9980984802616917
330944005,0.9942634740922193,0.9980984802616917
331380213,1.1303003592843215,1.1346600777735982
331728305,1.0369934283008428,1.0409932495744416
331845789,0.9219379154210492,0.9254939523123152
331920577,1.415354794818289,1.4208140060953363
331948469,1.1303003592843215,1.1346600777735982
332022221,0.9433278645533911,0.9469664053171465
332368201,1.1692367190553001,1.1737466202515046
332398929,1.0369934283008428,1.0409932495744416
332744605,0.9758234333767919,0.979587313862025
332778469,0.9019462585571153,0.9054251849747404
332861337,1.2054192960603245,1.2100687582578704
332879369,1.0189110012943574,1.0228410762472515
332916597,1.4391704954395728,1.4447215670345266
333259413,1.3832616401443172,1.388597063864666
333459537,0.49404107932972535,0.5013979614779249
333466769,1.1303003592843215,1.1346600777735982
333492677,0.9036698857861541,0.9071554604627462
334189905,0.9118601871087915,0.9153773528645298
334198173,0.9348854188290356,0.9384913959592251
334223317,1.415354794818289,1.4208140060953363
334281645,0.5430957483887445,0.5451905407651684
334309377,1.2734402062041041,1.2783520340792114
334338081,0.9041325938222218,0.9076199532251157
334393009,1.415354794818289,1.4208140060953363
334428241,0.9849805878250831,0.9887797886702804
334457313,0.9797300688759462,0.9835090177727539
334863933,1.2054192960603245,1.2100687582578704
335538845,0.9041325938222218,0.9076199532251157
335686381,1.1565245407448685,1.1609854093822811
335699769,1.3532664619438657,1.3584861902811993
335730217,1.422939891372967,1.428428359374053
335742393,1.0004637905161755,1.0043227121289466
335799517,0.9758234333767919,0.979587313862025
335827261,1.0189110012943574,1.0228410762472515
335844793,0.9584852246964963,0.9621822294098752
335947617,1.0375244022772587,1.0415262715879507
336061389,0.9758234333767919,0.979587313862025
336129797,0.9219379154210492,0.9254939523123152
336140849,1.0119784952088944,1.0158818305657955
336201309,1.1963642658520233,1.200978801596352
336209901,1.1963642658520233,1.200978801596352
336559945,0.9541849709191724,0.9578653889830403
336586977,1.415354794818289,1.4208140060953363
336649161,0.9019462585571153,0.9054251849747404
336662369,1.1969768428213126,1.2015937413563076
336703793,0.4994714338720271,0.5013979614779249
336892509,1.0189110012943574,1.0228410762472515
337037605,0.9036698857861541,0.9071554604627462
337491485,1.415354794818289,1.4208140060953363
337566397,1.0794043216277056,1.0835677273452664
337575245,0.9041325938222218,0.9076199532251157
337577529,0.9541849709191724,0.9578653889830403
337651065,0.9895276937373934,0.9933444333735462
337667557,1.1525403467106285,1.1569858477829038
337750461,0.992010612597267,0.9958369291809736
337815689,1.2333863174774857,1.2381436521881746
337872529,0.8284251770564559,0.831620522905662
338036925,0.953696647572624,0.9573751821085381
338037549,1.1008293505690117,1.1050753954665407
338118089,0.9717185605641471,0.9754666080101793
338168145,1.3832616401443172,1.388597063864666
338180897,1.0883036645500956,1.0925013962143506
338210893,0.9219379154210492,0.9254939523123152
338346309,0.8352552773149481,0.8384769677672821
338356545,0.9690206129697176,0.9727582540738303
338422913,1.3532664619438657,1.3584861902811993
338479105,1.5119836652533654,1.496228093644778
338489461,0.8831791808936982,0.8865857202021741
338531977,1.0004637905161755,1.0043227121289466
338558665,0.953696647572624,0.9573751821085381
338746325,1.0024608579954177,1.0063274825624895
339051189,0.8640279833580878,0.8673606539560905
339194173,0.44713703406401745,0.5013979614779249
339265213,0.9219379154210492,0.9254939523123152
339278837,0.933016322128096,0.9366150899042598
339334501,1.1263697729968118,1.1307143306931449
339473313,1.0369934283008428,1.0409932495744416
339628185,1.1692367190553001,1.1737466202515046
339677365,0.9367515825867456,0.9403647577582095
339742565,1.422939891372967,1.428428359374053
339782821,0.9433278645533911,0.9469664053171465
339942741,0.8831791808936982,0.8865857202021741
339962665,1.0375244022772587,1.0415262715879507
340164333,0.9777782848802083,0.981549705487121
340169905,0.9584852246964963,0.9621822294098752
340334641,1.1692367190553001,1.1737466202515046
340407153,1.5958488756328197,1.496228093644778
340537857,0.9690206129697176,0.9727582540738303
340767973,1.0369934283008428,1.0409932495744416
341082301,1.1002659790123095,1.1045098509109785
341156837,1.3906747447166063,1.3960387617650927
341159521,1.415354794818289,1.4208140060953363
341254401,1.6328742823350704,1.496228093644778
341271125,0.8448685366377626,0.8481273067070919
341894397,0.8467872376781729,0.8500534084320481
342064093,1.0369934283008428,1.0409932495744416
342064309,1.1963642658520233,1.200978801596352
342168337,1.0369934283008428,1.0409932495744416
342184781,1.415354794818289,1.4208140060953363
342354305,1.1692367190553001,1.1737466202515046
342368009,1.0134796135229556,1.0173887388924092
342376013,0.9036698857861541,0.9071554604627462
342383477,0.4625399208119859,0.5013979614779249
343144813,0.953696647572624,0.9573751821085381
343195461,0.9041325938222218,0.9076199532251157
343466645,1.415354794818289,1.4208140060953363
