outcome,term,b,se,p
bl_ddg_join_ads_rate,Woman,-0.18848313114491677,0.21134384633845826,0.3724831747014108
bl_ddg_join_ads_rate,Race: African American,-0.049076622439920115,0.3390977800626444,0.8849263787041115
bl_ddg_join_ads_rate,Race: Asian,-1.1712337630448895,0.30066107254342006,9.798485775440165e-05
bl_ddg_join_ads_rate,Race: Hispanic,0.07641678086258219,0.32089180629661895,0.811773463476656
bl_ddg_join_ads_rate,Race: Other,-0.2873721463017085,0.4383211833887997,0.51206863616685
bl_ddg_join_ads_rate,Educ: Some college,0.19214174167409204,0.26464696320536163,0.4678201318292119
bl_ddg_join_ads_rate,Educ: College,0.4882957025430803,0.2939460732237213,0.09667841814358157
bl_ddg_join_ads_rate,Educ: Postgraduate,0.25647334394807725,0.31728021103853926,0.4188893346192831
bl_ddg_join_ads_rate,Age: 25--34,0.5238031121769695,0.267378525668133,0.05010902871156503
bl_ddg_join_ads_rate,Age: 35--49,1.8998400587259954,0.3002425588239368,2.488680055563027e-10
bl_ddg_join_ads_rate,Age: 50--64,2.131231846097342,0.30505392109904506,2.820086309558393e-12
bl_ddg_join_ads_rate,Age: 65+,2.8617875901773457,0.3073470964910902,1.2632913215018004e-20
bl_third_party_cookies_rate,Woman,-0.08442118645663005,0.2921315773165518,0.7725940545613154
bl_third_party_cookies_rate,Race: African American,-0.47339587464111216,0.42910977929395877,0.26993833203372597
bl_third_party_cookies_rate,Race: Asian,-1.4467561829538966,0.4384472640892267,0.0009677899581725589
bl_third_party_cookies_rate,Race: Hispanic,0.032649718883038706,0.4518625697915383,0.9423982909199085
bl_third_party_cookies_rate,Race: Other,-0.09676706954745568,0.6722282253919983,0.8855401680732438
bl_third_party_cookies_rate,Educ: Some college,0.16963036762166905,0.3615196148565759,0.638916080322695
bl_third_party_cookies_rate,Educ: College,0.7454376449878548,0.41987289278390905,0.07583370664154408
bl_third_party_cookies_rate,Educ: Postgraduate,0.27438964739553673,0.4415733189616129,0.534342450108271
bl_third_party_cookies_rate,Age: 25--34,0.7234756254576444,0.40882382079111224,0.07678523936197566
bl_third_party_cookies_rate,Age: 35--49,1.9958112060674003,0.45537981819901685,1.1719611045742451e-05
bl_third_party_cookies_rate,Age: 50--64,2.4534573458267963,0.4157989824210845,3.6221438429219905e-09
bl_third_party_cookies_rate,Age: 65+,3.1729834116142768,0.43038365526469136,1.6751624908774068e-13
bl_fb_pixel_rate,Woman,0.002430549616160319,0.005199618561851816,0.6401796188379621
bl_fb_pixel_rate,Race: African American,0.00409899087686717,0.009847583486879481,0.6772319609515886
bl_fb_pixel_rate,Race: Asian,-0.01941473166012231,0.009395575797453752,0.03879359956956635
bl_fb_pixel_rate,Race: Hispanic,0.0005786820099146928,0.007738996203966829,0.9403938803748914
bl_fb_pixel_rate,Race: Other,-0.008515483774316367,0.00795191245100143,0.28422679591041644
bl_fb_pixel_rate,Educ: Some college,-0.001738427127574904,0.006627232678544089,0.7930780648615604
bl_fb_pixel_rate,Educ: College,-0.010500548280613947,0.0066703491924759,0.11543828880286756
bl_fb_pixel_rate,Educ: Postgraduate,-0.0067886010322901775,0.008015538457335013,0.3970340668965947
bl_fb_pixel_rate,Age: 25--34,-0.005875932895680242,0.012474960363830548,0.6376277655483
bl_fb_pixel_rate,Age: 35--49,0.011491844480724555,0.01322035521833674,0.3847083071200562
bl_fb_pixel_rate,Age: 50--64,0.006342716156744305,0.01216552886586769,0.6021105131823195
bl_fb_pixel_rate,Age: 65+,0.011600776767234939,0.012155199025609216,0.33988724993130437
bl_google_analytics_rate,Woman,-0.0008103268053638783,0.002294124421122055,0.7239247643003266
bl_google_analytics_rate,Race: African American,0.00032799719409676775,0.0029597584225492723,0.9117599518871633
bl_google_analytics_rate,Race: Asian,-0.0025197469062402163,0.002464510677791131,0.3065856332790131
bl_google_analytics_rate,Race: Hispanic,-0.0014894811487733424,0.0035423288113258272,0.6741342739618176
bl_google_analytics_rate,Race: Other,-0.004448052325536059,0.0018823712375229315,0.018127433359649614
bl_google_analytics_rate,Educ: Some college,-0.00018140355576916258,0.003104699267471437,0.9534071510130158
bl_google_analytics_rate,Educ: College,-0.0024066754146300435,0.0031763325534287,0.4486365865087739
bl_google_analytics_rate,Educ: Postgraduate,-0.004514219879907825,0.0033602921052133922,0.17914215311069293
bl_google_analytics_rate,Age: 25--34,-0.005854066723333002,0.00507594169569899,0.24878863093696457
bl_google_analytics_rate,Age: 35--49,0.001442994790501132,0.006334837702175519,0.8198116967217182
bl_google_analytics_rate,Age: 50--64,-0.0038967076386368215,0.004847516684968364,0.42147987373420914
bl_google_analytics_rate,Age: 65+,-0.006688428550784074,0.004502413059929756,0.13740590002044042
bl_key_logging_rate,Woman,3.0439071343584846e-05,0.004359656365830201,0.9944292242988084
bl_key_logging_rate,Race: African American,0.003926504346472096,0.0069813890292476834,0.5738268194655076
bl_key_logging_rate,Race: Asian,-0.01751179644331719,0.005241943490451333,0.0008356541063433434
bl_key_logging_rate,Race: Hispanic,0.001061110723657626,0.007424398659835987,0.8863516963948782
bl_key_logging_rate,Race: Other,-0.00897199959394325,0.008400469776415415,0.28550451711214875
bl_key_logging_rate,Educ: Some college,0.00023287520360150069,0.00528022742428234,0.9648221001512218
bl_key_logging_rate,Educ: College,0.005942565958864623,0.006336613378942851,0.3483399061893838
bl_key_logging_rate,Educ: Postgraduate,-0.0001805600973393542,0.007331073285990146,0.9803505510880374
bl_key_logging_rate,Age: 25--34,0.003164308908648437,0.00693048702960391,0.6479742911783006
bl_key_logging_rate,Age: 35--49,0.021699490369854864,0.007713857868680176,0.004907357483120132
bl_key_logging_rate,Age: 50--64,0.028255116614164744,0.007718443503155316,0.0002515003565756563
bl_key_logging_rate,Age: 65+,0.03650822261430194,0.008079423689356402,6.223027328545889e-06
bl_session_recording_rate,Woman,0.0042232124757474055,0.0030556245642560146,0.16693760603147512
bl_session_recording_rate,Race: African American,0.008765689679525589,0.006101785323032329,0.1508379792987628
bl_session_recording_rate,Race: Asian,-0.013421281446920641,0.004046454681775606,0.0009105472747260237
bl_session_recording_rate,Race: Hispanic,-0.0001483060642986046,0.004040495294604672,0.9707202841662107
bl_session_recording_rate,Race: Other,0.002225949067764732,0.006018092287606682,0.7114747402822783
bl_session_recording_rate,Educ: Some college,0.002711270328436209,0.00382914991221061,0.4789076022855431
bl_session_recording_rate,Educ: College,0.001623170393054301,0.003782625128873131,0.6678416123083117
bl_session_recording_rate,Educ: Postgraduate,0.0038434819871989863,0.0049819541141895,0.44042199361937295
bl_session_recording_rate,Age: 25--34,0.003936764818794042,0.005694000777576892,0.4893216318432658
bl_session_recording_rate,Age: 35--49,0.012687005273039318,0.005583720770776917,0.023077948108079793
bl_session_recording_rate,Age: 50--64,0.01754903570298796,0.006149309688805441,0.004319671751450103
bl_session_recording_rate,Age: 65+,0.01461692672979508,0.005814818975170735,0.011945941687464727
bl_canvas_fingerprinting_rate,Woman,0.011243402664102085,0.005200368191817872,0.03061511360394602
bl_canvas_fingerprinting_rate,Race: African American,-0.0008834520089638573,0.008321256339187991,0.9154489771550582
bl_canvas_fingerprinting_rate,Race: Asian,-0.013702283414399594,0.0074616791971553655,0.06630533845761667
bl_canvas_fingerprinting_rate,Race: Hispanic,0.003083418014621059,0.00676070773699429,0.6483330439577255
bl_canvas_fingerprinting_rate,Race: Other,0.012116848718084265,0.01128896209250344,0.2831204161599039
bl_canvas_fingerprinting_rate,Educ: Some college,0.007516576582936321,0.0065077247021355705,0.24808070124254977
bl_canvas_fingerprinting_rate,Educ: College,0.0010021508664147505,0.0065855715470524955,0.8790499274419384
bl_canvas_fingerprinting_rate,Educ: Postgraduate,0.017139705631308615,0.010245422894970886,0.09434433812786999
bl_canvas_fingerprinting_rate,Age: 25--34,0.0050743362879654055,0.008224988617129097,0.5372733547325155
bl_canvas_fingerprinting_rate,Age: 35--49,0.01605914516450721,0.00907105425157215,0.07666510460801253
bl_canvas_fingerprinting_rate,Age: 50--64,0.013814312739547351,0.008227790336392083,0.09315553137175897
bl_canvas_fingerprinting_rate,Age: 65+,0.033224400398314494,0.00883482736001095,0.00016949489479624
top_org_share,Woman,-0.018249510145551484,0.009762030680547602,0.06156191567419291
top_org_share,Race: African American,-0.015778615159566602,0.014857850368011169,0.2882485773071748
top_org_share,Race: Asian,0.005005847584404893,0.030843794295618423,0.8710721735558697
top_org_share,Race: Hispanic,-4.973548741944028e-05,0.014616026638341714,0.9972849597270469
top_org_share,Race: Other,-0.0005623042172429246,0.021928511941462794,0.9795424016350737
top_org_share,Educ: Some college,0.0209721810176427,0.012470166691924878,0.09260988932854922
top_org_share,Educ: College,0.03604469500219495,0.013481612776271523,0.007503766607207274
top_org_share,Educ: Postgraduate,0.05660858893454786,0.016770309250883537,0.0007367514493838468
top_org_share,Age: 25--34,-0.030964852915596128,0.02109329921049292,0.14210564364893216
top_org_share,Age: 35--49,-0.039135411833865985,0.019644920246458714,0.046355808582207045
top_org_share,Age: 50--64,-0.06780962228456969,0.018889666941620496,0.0003309656532030206
top_org_share,Age: 65+,-0.06440204429950983,0.018799315694813298,0.0006130697722595647
